{"training": {"micro/precision": [0.8438772191786185, 0.8519909933288833, 0.8566649499102402, 0.8599283054157452, 0.8608297454553777], "micro/recall": [0.6091302343503179, 0.6610624193566795, 0.6787253679079944, 0.6965134860825656, 0.708629214648395], "micro/f1": [0.7035569613343537, 0.7431090295158262, 0.755967931236368, 0.768266557952455, 0.7760056947168528], "macro/precision": [0.21327907226480697, 0.2795301680848974, 0.3074892328900428, 0.3269624468677693, 0.3343811042096233], "macro/recall": [0.17194335982283684, 0.2191003616560907, 0.24080970646802313, 0.25902833921824714, 0.26734468069212014], "macro/f1": [0.17616491062371034, 0.23071907994929486, 0.2534543394233291, 0.2720666501695034, 0.2804192178707219], "samples/precision": [0.8414543238287616, 0.8576271388115465, 0.8614571682412763, 0.867745194862886, 0.870162091573261], "samples/recall": [0.6592563837129054, 0.7086111210267882, 0.7247716419567993, 0.7400137728754671, 0.7501263753044113], "samples/f1": [0.7096549226469561, 0.7511545472315089, 0.7646001179859251, 0.7778541372744272, 0.7861600781453357], "hamming_loss": [0.08701776562699043, 0.07653526178087426, 0.0733775269228131, 0.07039127495075992, 0.06857845587010417], "total_loss": [0.2281611250392398, 0.19712547039277215, 0.18883036942246229, 0.18147872646223787, 0.17630822896562068], "report": []}, "validating": {"micro/precision": [0.8669865418793699, 0.8788074185938854, 0.8919390058514475, 0.8849547418010947, 0.8751735074751982], "micro/recall": [0.6486767848608306, 0.661777647895266, 0.6580629608775855, 0.6961342419727458, 0.7175895574587056], "micro/f1": [0.741034643512804, 0.7539622210012947, 0.7563870579878097, 0.7784053664960834, 0.78786838918044], "macro/precision": [0.27305194957361284, 0.2844884974593921, 0.31321828600044016, 0.30784472068310664, 0.3276970178086955], "macro/recall": [0.2111675931349037, 0.2241147509187824, 0.23652060586101883, 0.2513392669215515, 0.25933811791111183], "macro/f1": [0.2223003579618834, 0.23942370810814825, 0.2530678090938189, 0.263592588300058, 0.27392212535592364], "samples/precision": [0.8800822122571001, 0.8819835931383014, 0.8910580824257955, 0.8905860737419034, 0.8823780458870144], "samples/recall": [0.7088093458609155, 0.7151063539516455, 0.7197021733456711, 0.7479326820414265, 0.7555991529646237], "samples/f1": [0.7572985372873267, 0.7630766184764691, 0.7720540607872446, 0.793285944388336, 0.7973207368947279], "hamming_loss": [0.07629180222163603, 0.07251091767050617, 0.07131656848090508, 0.06664908115712652, 0.06499311234209676], "total_loss": [0.19754856951175945, 0.186327042052256, 0.18336400489029825, 0.17244636632493873, 0.16814201034640605]}}