{"training": {"micro/precision": [0.841810904916897, 0.8518429253580776, 0.857765765206166, 0.8650768160864882, 0.8705267392833002], "micro/recall": [0.6238961796025219, 0.673568082907422, 0.6955565619207674, 0.713613034198277, 0.7271465973907215], "micro/f1": [0.7139710558174008, 0.7507357101859574, 0.766674336854499, 0.780528683182835, 0.7910595019841926], "macro/precision": [0.2282503253636332, 0.30077353823142305, 0.3243512431683821, 0.3398302566704386, 0.3531625477481221], "macro/recall": [0.18354282295818805, 0.23631937497987024, 0.2571610949622931, 0.27181698889026784, 0.28319432858926813], "macro/f1": [0.1884436925647881, 0.24812867114206905, 0.26980754488860165, 0.2852589372044942, 0.29720886837655786], "samples/precision": [0.841693790550612, 0.8579294678057795, 0.8644974635698025, 0.8717346188017102, 0.8781580439938761], "samples/recall": [0.6685802436083546, 0.7185523309773685, 0.7380402556658179, 0.7534856579646685, 0.7659077703211886], "samples/f1": [0.7178634777824154, 0.7590998396720536, 0.77593163818801, 0.7894575434930259, 0.8000209925747157], "hamming_loss": [0.08398496830016365, 0.07489637534174089, 0.07092042214187023, 0.06722374107064115, 0.06437467540739433], "total_loss": [0.2199967261849766, 0.19324681250740383, 0.18172779688790294, 0.17367684026669966, 0.1669568773430239], "report": []}, "validating": {"micro/precision": [0.850354913296597, 0.841033836690678, 0.891807846880743, 0.889977238997457, 0.8323423909422252], "micro/recall": [0.6573384958010585, 0.7065163802434189, 0.6715688849449258, 0.7112121156161276, 0.7621489999403238], "micro/f1": [0.740634946206382, 0.7670817937387207, 0.7654849418199197, 0.789868611124881, 0.7950702032087799], "macro/precision": [0.24873736300957414, 0.29765354058159077, 0.34105328755268144, 0.3344679569833194, 0.35756056172596706], "macro/recall": [0.1843379857556875, 0.23759870198014002, 0.22541624240530278, 0.2527625427832373, 0.30803083857181773], "macro/f1": [0.19634593728245742, 0.24930535883275518, 0.2501432380537804, 0.27301372997599416, 0.3101738383085475], "samples/precision": [0.8534812679431514, 0.8426439011080267, 0.8843135335848339, 0.887653628965288, 0.8522771490260279], "samples/recall": [0.686717619284884, 0.7312946354426174, 0.7221009205874676, 0.74985497188412, 0.7891199254988492], "samples/f1": [0.7378282149395752, 0.7639702461077648, 0.7754134926967515, 0.7958644881664314, 0.8052317278027292], "hamming_loss": [0.07737624197661129, 0.07215188018406167, 0.06918432544916323, 0.06365221723966118, 0.06601160643629649], "total_loss": [0.1961585317649415, 0.18993582788111402, 0.17531740197405288, 0.16192140766772103, 0.1668290347552733]}}