{"training": {"micro/precision": [0.7037566239704488, 0.8593542798411352, 0.8707162331136721, 0.8722089058817432, 0.8724556589999986], "micro/recall": [0.5884092462855758, 0.5482310619912095, 0.5402410297323228, 0.5411821658306921, 0.5464675462341376], "micro/f1": [0.6200838127996754, 0.6683651408101092, 0.6657624334304791, 0.6669062539102464, 0.6710009872915976], "macro/precision": [0.11654422521302156, 0.12003399613148001, 0.133525184885587, 0.13854623326598337, 0.1470519919612173], "macro/recall": [0.1478641514457009, 0.1133419515227976, 0.11352982460932116, 0.11430794151612111, 0.11739730093383376], "macro/f1": [0.11956377800018961, 0.11037159450225319, 0.11514717446547063, 0.11656148618864286, 0.12051329442397445], "samples/precision": [0.7176244654849103, 0.853524626575601, 0.8630545838192015, 0.8621557276917098, 0.8608057082569825], "samples/recall": [0.6374837878679708, 0.6021928024083196, 0.5949182154954269, 0.5954805831211378, 0.6006418417775239], "samples/f1": [0.6292735502489082, 0.674995042161459, 0.6704626522717477, 0.6707424726790044, 0.6746113385106389], "hamming_loss": [0.1360300242035845, 0.09121664657867144, 0.09093002518348668, 0.09065320281035953, 0.08984723324612204], "total_loss": [0.4466234154316238, 0.27522034628953906, 0.2642449729747512, 0.2577281737261671, 0.25204758760390783], "report": []}, "validating": {"micro/precision": [0.8191684432105513, 0.8934977790903051, 0.8945223456387726, 0.8948810624950748, 0.8930556691043989], "micro/recall": [0.5718865911343117, 0.529581147589563, 0.5284531004339931, 0.5279881051601167, 0.529909641583034], "micro/f1": [0.672767348635941, 0.6639461145260349, 0.6632101705564586, 0.6627687929967819, 0.6640396208999382], "macro/precision": [0.09629799163136635, 0.1042731149251007, 0.1046865929671112, 0.10566139117590274, 0.10994523931080803], "macro/recall": [0.11751859861352398, 0.10737010120158381, 0.10707946675450487, 0.10700408240437052, 0.1077986109921801], "macro/f1": [0.10518609842130075, 0.10554015497500133, 0.10549543572146614, 0.10560931752993512, 0.10665858463764333], "samples/precision": [0.8199427005480817, 0.8769307424015944, 0.8778649725959145, 0.878300946686597, 0.876079554891214], "samples/recall": [0.6233118608679148, 0.5872579898925191, 0.5862448691484564, 0.5857839822525921, 0.5877707784658458], "samples/f1": [0.6878998900673041, 0.6675995128162543, 0.6668752619798956, 0.6664077514413838, 0.6675348581551871], "hamming_loss": [0.093503619684047, 0.09008909991500337, 0.09004513614115303, 0.0901623728714206, 0.09005979073243645], "total_loss": [0.2807581444637154, 0.26114190347848476, 0.25388021445136083, 0.24817056753415706, 0.24266518776051527]}}