{"training": {"micro/precision": [0.712875, 0.7689166666666667, 0.8069583333333332, 0.8215416666666667, 0.8285, 0.8401666666666666, 0.8558333333333332, 0.85425, 0.8560416666666666, 0.24058333333333337, 0.1784583333333333, 0.17879166666666665, 0.17866666666666667, 0.17879166666666668, 0.17858333333333334, 0.17858333333333332, 0.17875, 0.17854166666666668, 0.1787083333333333, 0.17866666666666667], "micro/recall": [0.7631412365317114, 0.8233537542802989, 0.864168294481651, 0.8795084606958378, 0.8871119483491336, 0.8994324427669966, 0.9161439722494643, 0.9145833887254369, 0.9164235038159221, 0.25736152700592063, 0.19090379844538882, 0.1914342388415043, 0.19153575532841244, 0.19170562961402576, 0.1912178648250091, 0.1911728651338491, 0.1911576597173784, 0.19123233466814366, 0.19131592411529483, 0.19157228611713736], "micro/f1": [0.7365772726193961, 0.7946113860537509, 0.8339318601300078, 0.8489048261689359, 0.8561451037554453, 0.8681333201879047, 0.8842941083598066, 0.882754259611708, 0.8845281707569436, 0.2485027096051718, 0.1843324752506921, 0.18475929369156946, 0.18473866540849979, 0.18486313171259097, 0.18453278207037851, 0.1845195001623427, 0.1846018616961934, 0.18452653725822002, 0.1846559947974277, 0.18475077789304278], "macro/precision": [0.2969959591119808, 0.5978186561878294, 0.6723234878057734, 0.6893301282197583, 0.6841546074808442, 0.714033149238414, 0.7453807220265862, 0.7362994363284173, 0.7341880822609387, 0.1243412312786051, 0.059486111111111115, 0.05960205314009662, 0.05955555555555555, 0.05959722222222222, 0.05952777777777777, 0.059527777777777784, 0.059585748792270535, 0.05951388888888889, 0.059569444444444446, 0.05955676328502415], "macro/recall": [0.39826359361026537, 0.5946784683297538, 0.6546673680737383, 0.6835286160864805, 0.6856846840476619, 0.71935753632482, 0.7608939857343191, 0.756099722168022, 0.7525528091521059, 0.3717524170689418, 0.32899999999999996, 0.32899999999999996, 0.3306666666666666, 0.33099999999999996, 0.3306666666666666, 0.3316666666666666, 0.33133333333333326, 0.32999999999999996, 0.32899999999999996, 0.32899999999999996], "macro/f1": [0.3314250473734247, 0.5586926279552912, 0.6317776729184396, 0.6568663695086239, 0.6575511202302066, 0.6906302858403924, 0.7297877895309721, 0.7226510607422161, 0.7214624138540889, 0.15830316071591985, 0.09850276855905986, 0.09856275492586689, 0.09861648463851697, 0.0987314458520897, 0.09870530236633358, 0.09871200138536003, 0.09888369760985435, 0.09862308786625609, 0.09865624777121866, 0.09853258068271088], "samples/precision": [0.712875, 0.7689166666666667, 0.8069583333333332, 0.8215416666666667, 0.8285, 0.8401666666666666, 0.8558333333333332, 0.85425, 0.8560416666666666, 0.24058333333333337, 0.1784583333333333, 0.17879166666666665, 0.17866666666666667, 0.17879166666666668, 0.17858333333333334, 0.17858333333333332, 0.17875, 0.17854166666666668, 0.1787083333333333, 0.17866666666666667], "samples/recall": [0.712875, 0.7689166666666667, 0.8069583333333332, 0.8215416666666667, 0.8285, 0.8401666666666666, 0.8558333333333332, 0.85425, 0.8560416666666666, 0.24058333333333337, 0.1784583333333333, 0.17879166666666665, 0.17866666666666667, 0.17879166666666668, 0.17858333333333334, 0.17858333333333332, 0.17875, 0.17854166666666668, 0.1787083333333333, 0.17866666666666667], "samples/f1": [0.712875, 0.7689166666666667, 0.8069583333333332, 0.8215416666666667, 0.8285, 0.8401666666666666, 0.8558333333333332, 0.85425, 0.8560416666666666, 0.24058333333333337, 0.1784583333333333, 0.17879166666666665, 0.17866666666666667, 0.17879166666666668, 0.17858333333333334, 0.17858333333333332, 0.17875, 0.17854166666666668, 0.1787083333333333, 0.17866666666666667], "hamming_loss": [0.16945833333333335, 0.13209722222222223, 0.10675, 0.09701388888888889, 0.09234722222222223, 0.08455555555555555, 0.074125, 0.07516666666666667, 0.074, 0.48430555555555554, 0.5257222222222222, 0.5255, 0.5255694444444444, 0.5255277777777778, 0.5256666666666666, 0.5256388888888889, 0.5255416666666668, 0.5256388888888889, 0.5255555555555556, 0.5255555555555556], "total_loss": [0.3700775782763958, 0.31132293729484084, 0.2643930409997702, 0.24542674296721817, 0.23050825558975338, 0.21631557824090122, 0.19234673822298645, 0.19199463133886457, 0.190739692453295, 47.75295776437968, 52.57222273635864, 52.55000045776367, 52.55694485092163, 52.55277823257446, 52.56666709899903, 52.56388938522339, 52.55416716766357, 52.5638893623352, 52.55555596733093, 52.5555560092926]}, "validating": {"micro/precision": [0.5833333333333334, 0.7916666666666666, 0.8333333333333334, 0.8333333333333334, 0.75, 0.7916666666666666, 0.9166666666666666, 0.75, 0.9166666666666666, 0.16666666666666666, 0.20833333333333334, 0.16666666666666666, 0.20833333333333334, 0.08333333333333333, 0.16666666666666666, 0.20833333333333334, 0.125, 0.20833333333333334, 0.20833333333333334, 0.125], "micro/recall": [0.6363636363636364, 0.8260869565217391, 0.9090909090909091, 0.8333333333333334, 0.782608695652174, 0.8260869565217391, 0.9166666666666666, 0.9473684210526315, 0.9565217391304348, 0.16666666666666666, 0.22727272727272727, 0.16666666666666666, 0.20833333333333334, 0.08695652173913043, 0.17391304347826086, 0.22727272727272727, 0.14285714285714285, 0.20833333333333334, 0.21739130434782608, 0.125], "micro/f1": [0.6086956521739131, 0.8085106382978724, 0.8695652173913043, 0.8333333333333334, 0.7659574468085107, 0.8085106382978724, 0.9166666666666666, 0.8372093023255814, 0.9361702127659574, 0.16666666666666666, 0.21739130434782608, 0.16666666666666666, 0.20833333333333334, 0.0851063829787234, 0.1702127659574468, 0.21739130434782608, 0.13333333333333333, 0.20833333333333334, 0.2127659574468085, 0.125], "macro/precision": [0.21212121212121213, 0.6031746031746031, 0.5148148148148147, 0.8333333333333334, 0.6111111111111112, 0.8592592592592593, 0.6349206349206349, 0.7549019607843137, 0.9649122807017544, 0.05555555555555555, 0.06944444444444445, 0.05555555555555555, 0.06944444444444445, 0.027777777777777776, 0.05555555555555555, 0.06944444444444445, 0.041666666666666664, 0.06944444444444445, 0.06944444444444445, 0.041666666666666664], "macro/recall": [0.3111111111111111, 0.4444444444444444, 0.6481481481481481, 0.7791666666666667, 0.7107843137254902, 0.834920634920635, 0.5333333333333333, 0.9166666666666666, 0.9333333333333332, 0.3333333333333333, 0.3333333333333333, 0.3333333333333333, 0.3333333333333333, 0.3333333333333333, 0.3333333333333333, 0.3333333333333333, 0.3333333333333333, 0.3333333333333333, 0.3333333333333333, 0.3333333333333333], "macro/f1": [0.2522522522522523, 0.46491228070175444, 0.5648148148148148, 0.7941176470588235, 0.6190476190476191, 0.8383838383838383, 0.5666666666666667, 0.7968253968253968, 0.9444444444444445, 0.09523809523809523, 0.1149425287356322, 0.09523809523809523, 0.1149425287356322, 0.05128205128205129, 0.09523809523809523, 0.1149425287356322, 0.07407407407407407, 0.1149425287356322, 0.1149425287356322, 0.07407407407407407], "samples/precision": [0.5833333333333334, 0.7916666666666666, 0.8333333333333334, 0.8333333333333334, 0.75, 0.7916666666666666, 0.9166666666666666, 0.75, 0.9166666666666666, 0.16666666666666666, 0.20833333333333334, 0.16666666666666666, 0.20833333333333334, 0.08333333333333333, 0.16666666666666666, 0.20833333333333334, 0.125, 0.20833333333333334, 0.20833333333333334, 0.125], "samples/recall": [0.5833333333333334, 0.7916666666666666, 0.8333333333333334, 0.8333333333333334, 0.75, 0.7916666666666666, 0.9166666666666666, 0.75, 0.9166666666666666, 0.16666666666666666, 0.20833333333333334, 0.16666666666666666, 0.20833333333333334, 0.08333333333333333, 0.16666666666666666, 0.20833333333333334, 0.125, 0.20833333333333334, 0.20833333333333334, 0.125],