{"training": {"micro/precision": [0.8668269875575955, 0.8615182992597772, 0.8550935543004416, 0.8618663892231713, 0.8632888012943497, 0.8654131013060106, 0.8670462586692856, 0.8680092378253309, 0.8705292560415058, 0.871869234813302, 0.8730048909450497, 0.8751553584599275, 0.8770489640416514, 0.8772135681981855, 0.8799519626446152, 0.8799784361273845, 0.8815021645511449, 0.8830724541086546, 0.8839965248261333, 0.884922604443819, 0.8856854189573219, 0.8860384244593711, 0.8874266465079568, 0.8887935130151997, 0.8886632283115333], "micro/recall": [0.5623939753193951, 0.6189953157532193, 0.6521354218401486, 0.6661778608887262, 0.6759591943674257, 0.6837664669184698, 0.6882558890942371, 0.6953829706466559, 0.6988953341384395, 0.7025188979573203, 0.7054580521674798, 0.7109603747568182, 0.715187468602882, 0.7194604817736238, 0.7200237701489441, 0.7271433575911298, 0.7288800031207854, 0.732009867490146, 0.7358358418141593, 0.7374325662161731, 0.7423068615755078, 0.7435451527967066, 0.7457813367624859, 0.7488041517475601, 0.7519573255588072], "micro/f1": [0.6766605218217232, 0.7160916398555999, 0.735802122188545, 0.7475963099090295, 0.7544968427095489, 0.7605109703866444, 0.7637153558166453, 0.7687069635402671, 0.7720920244999603, 0.7749335578661973, 0.7774567488095376, 0.7815460520288599, 0.7851827162456684, 0.7875263148394234, 0.7894103541050519, 0.7935519003732454, 0.7953603025671911, 0.7978113455649273, 0.8005311905532124, 0.8019087949299762, 0.8051966610569776, 0.8060991537319921, 0.8078385010474922, 0.8104238576025693, 0.8120929962874353], "macro/precision": [0.14997266838987172, 0.2007247862426883, 0.22829494591620283, 0.2444292551220346, 0.2565039077296065, 0.26243761075018834, 0.2661186945450757, 0.2751314907550769, 0.2760526967701943, 0.2800314975116054, 0.28449332962540713, 0.2929157204115851, 0.29512800628233776, 0.2981656024485667, 0.3001094758457009, 0.30789697320586507, 0.31033987386564615, 0.3117028310879488, 0.316396275402887, 0.31896553493680413, 0.3219125059441666, 0.3231388983419508, 0.32342201407932447, 0.330123180011391, 0.33276064312172515], "macro/recall": [0.1189575345289631, 0.16160227470488178, 0.1861164989790276, 0.19817138846089075, 0.20558428896164677, 0.21271327839848395, 0.21645860446262538, 0.22202755617353118, 0.22291446683832675, 0.22657864298354655, 0.23161829372908155, 0.23760192292542734, 0.23889988211998672, 0.24239350721923458, 0.24276815625894574, 0.249778918146526, 0.25169103675781923, 0.2530161416042096, 0.2582529884081085, 0.2592316891990723, 0.26411764575093877, 0.2646412770368638, 0.26771631255581074, 0.27131507484447376, 0.27425406604628166], "macro/f1": [0.12434389478656693, 0.16888393755095205, 0.19379736960072314, 0.2067366786126409, 0.21513901765380306, 0.22198534855548038, 0.225858920150031, 0.2322797010266174, 0.23375050218131257, 0.23720195944269717, 0.24195664724951307, 0.24906862635220273, 0.25103519306150973, 0.25375999384655823, 0.25537644997335357, 0.26203797403758355, 0.264502383199697, 0.2659808906241608, 0.2712076797476581, 0.27244782262412776, 0.2767517324058448, 0.2777260994159439, 0.2795253086966805, 0.2842117204081277, 0.28728194815328745], "samples/precision": [0.8804201388888889, 0.8686928571428572, 0.866078373015873, 0.8679013888888887, 0.8696407738095238, 0.8705243055555554, 0.8708374007936508, 0.8709911706349205, 0.8727211309523809, 0.8722373015873015, 0.8730577380952381, 0.8725208333333333, 0.8738484126984126, 0.873676984126984, 0.8748992063492064, 0.8752854166666666, 0.8760354166666666, 0.8761026785714284, 0.8775452380952381, 0.8768868055555555, 0.8768236111111111, 0.8762401785714284, 0.8780624007936508, 0.879047619047619, 0.8783079365079365], "samples/recall": [0.6579412698412699, 0.6936892857142857, 0.7151984126984128, 0.7245443452380953, 0.7308468253968253, 0.7363817460317459, 0.7393042658730158, 0.7439850198412697, 0.7468699404761906, 0.7489180555555555, 0.7514670634920635, 0.7552492063492063, 0.757734623015873, 0.7607987103174603, 0.7618849206349206, 0.7659686507936507, 0.767950099206349, 0.7692536706349206, 0.7727386904761904, 0.7740234126984127, 0.7766620039682539, 0.7776999007936506, 0.7797335317460318, 0.7812561507936507, 0.7837165674603175], "samples/f1": [0.712527937109187, 0.7369333844396344, 0.7523066889129388, 0.7600383146945646, 0.7657647035834536, 0.7700834986772486, 0.7724790824915824, 0.7757365199615199, 0.7785036075036075, 0.7799322240259741, 0.7818861712361712, 0.7841353775853774, 0.7868813251563251, 0.7885805345117846, 0.7900594246031747, 0.7928623436748438, 0.7946508116883118, 0.7957525703463203, 0.79832984006734, 0.79891786014911, 0.8009976641414142, 0.8014328553391054, 0.8035543801106301, 0.8049502314814815, 0.806164375901876], "hamming_loss": [0.0733125, 0.0670625, 0.06389285714285714, 0.061476190476190476, 0.0600952380952381, 0.058913690476190474, 0.05822619047619047, 0.05732142857142857, 0.05647619047619048, 0.05583035714285714, 0.05527380952380952, 0.054419642857142854, 0.05363392857142857, 0.05316369047619048, 0.052589285714285706, 0.051729166666666666, 0.05139880952380952, 0.05087797619047619, 0.050169642857142864, 0.04989880952380952, 0.04919940476190476, 0.049, 0.048535714285714286, 0.04806845238095238, 0.04770833333333334], "total_loss": [0.1992777030840516, 0.17271674090623856, 0.1619995256587863, 0.15658399137854576, 0.15364146103709936, 0.15010571960359811, 0.14819021767377855, 0.1458524480238557, 0.14405344131588935, 0.1432128001637757, 0.14133466474339365, 0.13924358499795197, 0.13685119644924998, 0.13643001214414835, 0.13488787846267222, 0.13324355228990317, 0.1327288166359067, 0.13126759648323058, 0.1298156836181879, 0.12876112173125148, 0.12746393547579646, 0.12702932876348497, 0.12550614087283612, 0.124714520316571, 0.12422940272837878]}, "validating": {"micro/precision": [0.860909180200093, 0.8591948899609779, 0.8950655092776221, 0.8803307970627867, 0.8340597120960602, 0.8929098160471662, 0.8517438147797972, 0.8906319477926221, 0.8887215946231259, 0.8642718824926051, 0.9021422482422907, 0.8847482632748314, 0.8623982831522977, 0.877540151840844, 0.8698546561592593, 0.8981955338077456, 0.849887524796619, 0.8920491593982268, 0.9023247670291006, 0.894186274555006, 0.8769844071333971, 0.8812424907810815, 0.8930393875787049, 0.8790801927949582, 0.9048918574631233], "micro/recall": [0.6168134669623536, 0.6472615550633052, 0.637581421176689, 0.6568370222604901, 0.7170857274187147, 0.6544433997864225, 0.7160726802883356, 0.6903922176715896, 0.6947876089583315, 0.72945005833034, 0.6877526384607106, 0.7040808840402308, 0.7346972896843892, 0.7381692268493714, 0.7504597159094921, 0.7088489619943155, 0.7620238512037637, 0.7219453309116909, 0.6970301972247748, 0.7164926184118341, 0.7543802419948183, 0.7561777474739092, 0.7394345837161057, 0.7662025162992723, 0.7279893335924377], "micro/f1": [0.7155812895057552, 0.7358533987464099, 0.7419226198158798, 0.7500391093168024, 0.7690342481030235, 0.7528068519987215, 0.7751695980881537, 0.7753519186319313, 0.7774406641961703, 0.7890079248747662, 0.7786392709877644, 0.7818346175883752, 0.791023750478414, 0.7996970545808781, 0.8036979995060606, 0.7903279173135843, 0.8013258935715202, 0.7959066636683749, 0.7842236903680894, 0.7931661947958231, 0.8089713389680406, 0.8121970972610367, 0.8073053937129541, 0.8168892349464606, 0.8048612284737485], "macro/precision": [0.17956185268436123, 0.2227538615345698, 0.23079900444913398, 0.21401034258223467, 0.2617706541524563, 0.26271194638584966, 0.28540101652595123, 0.2784734604896788, 0.297789573481842, 0.2839182883544152, 0.2776435677411389, 0.30466195092698484, 0.30807730775478254, 0.3132402890810672, 0.3186709346145168, 0.321788610757228, 0.31697654013469106, 0.31858557271804455, 0.2912097360526025, 0.3189493657154658, 0.33492233503752, 0.3336771106092853, 0.32205953816011973, 0.32686288513297634, 0.3249215325961824],