{"training": {"accuracy": [0.7536322645290581, 0.7730878423513695, 0.5111055444221777, 0.05260521042084168, 0.05227120908483634, 0.05243820975283901, 0.052479959919839676, 0.05256346025384101, 0.05285571142284569, 0.05231295925183701], "total_loss": [0.3328568111649735, 0.2995385696032721, 23.62530212034145, 60.970552746423024, 60.98168621942371, 60.97751115940377, 60.96916108523199, 60.96220273340871, 60.94689437621581, 60.98029444356242]}, "validating": {"accuracy": [0.7698353293413174, 0.8241017964071856, 0.05189620758483034, 0.05177145708582834, 0.05189620758483034, 0.05214570858283432, 0.051646706586826345, 0.052020958083832336, 0.051896207584830344, 0.052020958083832336], "total_loss": [0.2767569834511437, 0.2519444659976902, 60.99051967780747, 61.007152854325525, 60.998836288909, 60.96972772746743, 61.01131142256503, 60.982202861123454, 60.99051942653999, 60.99051949506748]}}