{"training": {"micro/precision": [0.7992294648038756, 0.8101229517985444, 0.8167555073316823, 0.8223377645128171, 0.6677524291371756], "micro/recall": [0.5959006164732037, 0.6341689378003634, 0.6488297677882344, 0.6641795769896531, 0.546976777910053], "micro/f1": [0.6808664775446265, 0.7102688055958662, 0.7219348577486312, 0.7336867706713699, 0.6004058994009165], "macro/precision": [0.16116290876410935, 0.240790441544628, 0.277879445236951, 0.30529316763286524, 0.2530158712837405], "macro/recall": [0.15209442055675657, 0.2089283070887873, 0.22773149602713433, 0.24515937844245791, 0.221673525304865], "macro/f1": [0.14387364120406834, 0.20533572506778158, 0.2290415113403177, 0.24965381714533375, 0.2057758890904691], "samples/precision": [0.8054913194444444, 0.8186534722222223, 0.8260897817460318, 0.832218253968254, 0.6638659226190475], "samples/recall": [0.6516910714285714, 0.6923904761904762, 0.7034659226190475, 0.715722867063492, 0.5689134424603175], "samples/f1": [0.699530978049728, 0.7299473635161134, 0.7411557865745365, 0.7519916426166426, 0.5988501752876753], "hamming_loss": [0.09086574074074075, 0.08376851851851853, 0.08092824074074073, 0.07801851851851851, 0.1178125], "total_loss": [0.5234881430864334, 0.48087704527378083, 0.46474010962247847, 0.457711174428463, 25.257697070658207]}, "validating": {"micro/precision": [0.8218450241751933, 0.8133708494422578, 0.8441688397451542, 0.8445988833458349, 0.5282065675358641], "micro/recall": [0.6132594828757307, 0.6582552106841258, 0.6638131923501626, 0.6676727116677023, 0.4748429149032556], "micro/f1": [0.7018433630081077, 0.7270627897165566, 0.7425955315571354, 0.745270009048126, 0.4996972233975946], "macro/precision": [0.2224851259469532, 0.25838413972752794, 0.30682161675172137, 0.3063991411004564, 0.20103119289846022], "macro/recall": [0.1817315004834612, 0.22696859330817976, 0.24065744006285594, 0.23189186261232608, 0.22487917925987655], "macro/f1": [0.18115860835957537, 0.22624200240385162, 0.24657898727986988, 0.24493620718647516, 0.1794718730579936], "samples/precision": [0.8267361111111112, 0.8240165502328677, 0.8523931304058551, 0.8515552228875584, 0.5110502209865982], "samples/recall": [0.6796736883376103, 0.7127931636726547, 0.7269842754966258, 0.7200624049520007, 0.458855503279156], "samples/f1": [0.7225942775343972, 0.745242614310728, 0.7665929913123026, 0.7640966222178798, 0.4727833599091084], "hamming_loss": [0.08462935240629853, 0.08023536260811709, 0.07482257706808602, 0.07417110223996452, 0.15419161676646706], "total_loss": [0.48007789682485386, 0.4631791193328218, 0.44466652663168077, 0.4179666492039572, 46.8564404470478]}, "ground_model": {"micro/precision": [0.8790002491688903, 0.8702431727286457, 0.8715745744961985, 0.8684710637456469, 0.8639029282047201], "micro/recall": [0.5363788136483222, 0.5817727459334175, 0.5974761725616593, 0.6132873919495062, 0.6251301627583944], "micro/f1": [0.6613675350090732, 0.6942683746752044, 0.7056680941673332, 0.715796117185665, 0.7223301767693583], "macro/precision": [0.13947772027389177, 0.2005021438187419, 0.21933439470101213, 0.23114597695029301, 0.24010736088608092], "macro/recall": [0.10255559366895543, 0.13946433168922015, 0.1527144100741216, 0.16668633115909165, 0.17528035561603514], "macro/f1": [0.10887652040501851, 0.15321277757758758, 0.16781608035933168, 0.18118043221244004, 0.1890277996654597], "samples/precision": [0.892265873015873, 0.8837236111111111, 0.8769888888888888, 0.8737770833333334, 0.8708966269841271], "samples/recall": [0.6454353174603175, 0.6722986111111111, 0.6822649801587302, 0.6919730158730159, 0.6997099206349207], "samples/f1": [0.7061869197931697, 0.7245710648148149, 0.7298676076238576, 0.736524074074074, 0.7414181307118808], "hamming_loss": [0.07563690476190475, 0.06996428571428573, 0.06808035714285714, 0.06645238095238094, 0.06568154761904763], "total_loss": [0.21080348753929137, 0.1832786278873682, 0.17675178515911102, 0.1714561469554901, 0.16779802331328392]}, "cloud_model": {"accuracy": [0.7116666666666668, 0.7358333333333332, 0.7482083333333333, 0.763, 0.3994583333333333], "total_loss": [0.31268465572595594, 0.2975984174311161, 0.2879883258342743, 0.28625502753257753, 25.08989903885126]}}