{"training": {"micro/precision": [0.7756308986431119, 0.8152991310160428, 0.8154871323529411, 0.81561246657754, 0.8152991310160428, 0.8157795788770054, 0.8154871323529411, 0.8155289104278075, 0.8156333556149733, 0.8154035762032086], "micro/recall": [0.5873360829942375, 0.5723686215309277, 0.572274528263411, 0.5726980545553814, 0.5723003970328511, 0.5725683982513337, 0.5723567897360691, 0.5724594343840389, 0.5724118369870262, 0.5724864825951149], "micro/f1": [0.6572751555616987, 0.6723547831495443, 0.6723676239902755, 0.6726980384471671, 0.6723017192633861, 0.672647431640594, 0.6724100062739666, 0.6724799450849261, 0.672519530309811, 0.6724479287229521], "macro/precision": [0.09912174172315874, 0.0959175448254168, 0.09593966262975778, 0.09595440783265179, 0.0959175448254168, 0.09597406810317709, 0.09593966262975777, 0.09594457769738914, 0.09595686536646746, 0.09592983249449512], "macro/recall": [0.1379656656468651, 0.11764705882352941, 0.11764705882352941, 0.11764705882352941, 0.11764705882352941, 0.11764705882352941, 0.11764705882352941, 0.11764705882352941, 0.11764705882352941, 0.11764705882352941], "macro/f1": [0.11058077313357673, 0.10512926470529085, 0.10515147214805799, 0.10516006765721486, 0.10513832198078914, 0.10516457915796797, 0.10515060178481082, 0.1051523952864609, 0.10515357531597957, 0.1051377918110276], "samples/precision": [0.7758968767000601, 0.8152991310160428, 0.8154871323529411, 0.81561246657754, 0.8152991310160428, 0.8157795788770054, 0.8154871323529411, 0.8155289104278075, 0.8156333556149733, 0.8154035762032086], "samples/recall": [0.6321350983575248, 0.6246884549274255, 0.6246578176725235, 0.6249788125477463, 0.6245248241341992, 0.6249181348675834, 0.6246821882161956, 0.6246438916475682, 0.6247538077731093, 0.6246654769862491], "samples/f1": [0.6693559410336043, 0.6878534889334522, 0.6878870108649521, 0.6881534952996351, 0.6877333272324082, 0.6881568110198625, 0.687897256440455, 0.6878916860304729, 0.6880075041380187, 0.6878705980498261], "hamming_loss": [0.10972151226800882, 0.09353619455803712, 0.09356322743000943, 0.0934526384083045, 0.09359026030198175, 0.09349687401698648, 0.09356322743000942, 0.0935509397609311, 0.09351899182132746, 0.0935509397609311], "total_loss": [17.87410916109136, 17.812434895153352, 17.79281175072818, 17.77729927409779, 17.813601580533113, 17.76613936704748, 17.792622341829187, 17.780112516433796, 17.77294828037527, 17.808068076557017]}, "validating": {"micro/precision": [0.8152091733870968, 0.8152091733870968, 0.8148941532258065, 0.815398185483871, 0.8151461693548387, 0.8151461693548387, 0.8149571572580645, 0.8155241935483871, 0.8152721774193549, 0.8148311491935484], "micro/recall": [0.5709431371805235, 0.5706996354756394, 0.5708855396672439, 0.5704396231159992, 0.5706541520804342, 0.571289627045187, 0.5706432474213075, 0.5708030599990912, 0.5713213142253112, 0.570916595160084], "micro/f1": [0.671262055941007, 0.6711757708538205, 0.6712242649731938, 0.6710480077012015, 0.6710330067593174, 0.6715141185102259, 0.6710235264188316, 0.6714549165222229, 0.67164605542458, 0.6711788664765086], "macro/precision": [0.09590696157495257, 0.09590696157495256, 0.09586990037950663, 0.0959291982922201, 0.09589954933586338, 0.09589954933586338, 0.09587731261859582, 0.09594402277039846, 0.09591437381404172, 0.09586248814041744], "macro/recall": [0.11764705882352938, 0.11764705882352938, 0.11764705882352938, 0.11764705882352938, 0.11764705882352938, 0.11764705882352938, 0.11764705882352938, 0.11764705882352938, 0.11764705882352938, 0.11764705882352938], "macro/f1": [0.10512641549768405, 0.10510871063778722, 0.10509724048659493, 0.10514089767065687, 0.10512196833578244, 0.10511203851468322, 0.10511412178749253, 0.1051568316607873, 0.10513130383822425, 0.10509523900764094], "samples/precision": [0.8152091733870968, 0.8152091733870968, 0.8148941532258065, 0.815398185483871, 0.8151461693548387, 0.8151461693548387, 0.8149571572580645, 0.8155241935483871, 0.8152721774193549, 0.8148311491935484], "samples/recall": [0.6234918034754223, 0.623531706029186, 0.6235779089861752, 0.6230255736367127, 0.6232145857334869, 0.6237687211981567, 0.6232229862711214, 0.6237081173195086, 0.6241071428571427, 0.6235968101958526], "samples/f1": [0.686951664906554, 0.6869900673643115, 0.6869294634856631, 0.6867296506976445, 0.686733850966462, 0.687118875608039, 0.6866762472798259, 0.6872189820148489, 0.6874106942844341, 0.6869033618151562], "hamming_loss": [0.094031665085389, 0.094031665085389, 0.09395754269449716, 0.09415767314990511, 0.0941650853889943, 0.09386118358633776, 0.09413543643263757, 0.0939353059772296, 0.0938463591081594, 0.09401684060721063], "total_loss": [17.77378971345963, 17.82834303763605, 17.824238792542488, 17.794504380995228, 17.813035826529227, 17.781237525324666, 17.807275956676854, 17.761002094514907, 17.773387832026327, 17.854013766011885]}, "ground_model": {"micro/precision": [0.8692682297508371, 0.9275985962566845, 0.9275985962566845, 0.9275150401069518, 0.9275150401069518, 0.9277657085561497, 0.9275985962566845, 0.9274314839572193, 0.9275150401069518, 0.9276403743315508], "micro/recall": [0.5071932680191362, 0.48489673219775603, 0.48457978082487163, 0.48507452643116594, 0.4848369548730326, 0.4850425674017742, 0.48476186913717584, 0.4848301831307053, 0.4847207984515095, 0.48509014294158864], "micro/f1": [0.618956594080935, 0.6364717065573783, 0.6362012993805779, 0.636592528281865, 0.6363615514157988, 0.6365500544451738, 0.6363261715563838, 0.6363047541798484, 0.6363104859650899, 0.6365811359847011], "macro/precision": [0.06994561591700096, 0.06625704258976318, 0.06625704258976317, 0.0662510742933537, 0.0662510742933537, 0.06626897918258212, 0.06625704258976318, 0.06624510599694423, 0.0662510742933537, 0.06626002673796792], "macro/recall": [0.0958758805091737, 0.0714285714285714, 0.0714285714285714, 0.0714285714285714, 0.0714285714285714, 0.0714285714285714, 0.0714285714285714, 0.0714285714285714, 0.0714285714285714, 0.0714285714285714], "macro/f1": [0.07513727056985965, 0.06873493762206907, 0.06873558071981944, 0.06873174566378765, 0.06873306525595647, 0.06874242814494146, 0.06873435384442812, 0.06872816445040712, 0.06873302229786707, 0.06873652826884645], "samples/precision": [0.8698397165538709, 0.9275985962566845, 0.9275985962566845, 0.9275150401069518, 0.9275150401069518, 0.9277657085561497, 0.9275985962566845, 0.9274314839572193, 0.9275150401069518, 0.9276403743315508], "samples/recall": [0.6232371641838553, 0.6169829863763687, 0.6167852368220015, 0.6171333874458875, 0.6167873257257449, 0.6169802011713776, 0.6168687929717342, 0.6166947176597912, 0.6167984665457092, 0.6169356378915203], "samples/f1": [0.6705467020724374, 0.697136411382735, 0.6969768589253884, 0.6972338935574229, 0.6969511952508276, 0.6971620750572957, 0.6970305735930735, 0.6968634612936083, 0.696965718105424, 0.6971141297428062], "hamming_loss": [0.09552855233002291, 0.07587196810542399, 0.07594657181054239, 0.07584511077158136, 0.07593463521772345, 0.0759226986249045, 0.0759465718105424, 0.07595850840336134, 0.07593463521772345, 0.07589882543926661], "total_loss": [0.34695665745492926, 0.21550924693518145, 0.21538253853665315, 0.21518865976741608, 0.21528331218237545, 0.21516958142028136, 0.21519309083089472, 0.21521666470695944, 0.21501549130136316, 0.21532018450810947]}, "cloud_model": {"accuracy": [0.7030832219251337, 0.7029996657754011, 0.7033756684491979, 0.7037098930481284, 0.7030832219251337, 0.7037934491978609, 0.7033756684491979, 0.7036263368983957, 0.7037516711229946, 0.7031667780748663], "total_loss": [17.52715244618329, 17.596925643676105, 17.577429251237348, 17.562110656085498, 17.598318293770365, 17.5509697970222, 17.57742926653694, 17.56489583387732, 17.557932767001066, 17.592747902487687]}}