{"training": {"micro/precision": [0.8386723240431344, 0.853333619675202, 0.8641629442625136, 0.8688703234681844, 0.8742492126480165, 0.877739647247891, 0.8823367830696788, 0.8825432831414349, 0.8845974380627887, 0.8872662083735111, 0.8898457857281709, 0.8901029939222926, 0.8911083846891977, 0.8932614661654115, 0.8931598687413248, 0.8950101318951043, 0.8963730293366506, 0.8969687392407277, 0.8965694003810919, 0.8992213067626978, 0.8979922762900763, 0.8980798503835499, 0.8996275874223054, 0.8975137230832976, 0.8978051362341661], "micro/recall": [0.6330493263302223, 0.6823276645335697, 0.7063584382738295, 0.7264361386456384, 0.7340177739824942, 0.7416821107619759, 0.7481988514455846, 0.7546297891118765, 0.7582471395490729, 0.7635555932089276, 0.766395082822187, 0.7700604456381561, 0.7708925082928404, 0.7765675539144095, 0.7773422602438316, 0.7802445119549537, 0.7845412008830271, 0.7854500504929901, 0.7863209863162532, 0.7900692750511326, 0.7911757600184975, 0.7904843993219769, 0.7940659312320217, 0.7947016635213399, 0.7947708986813196], "micro/f1": [0.7182728444595109, 0.7563992476154665, 0.7754760575793471, 0.7897203963946755, 0.7964222586053282, 0.8024108427799149, 0.8082949528423975, 0.8121388134394463, 0.8152372959816794, 0.8194291765809534, 0.8220255801865305, 0.8243247707013777, 0.8253120310570194, 0.8295076770040013, 0.829825340290397, 0.8323592258124253, 0.835467612471046, 0.8362204498039385, 0.8366021553392439, 0.8399057903600666, 0.8399647989349508, 0.8396048149936178, 0.842345129326653, 0.8418063371198541, 0.8419714364368632], "macro/precision": [0.22350859365401612, 0.2839422110973529, 0.3068921154900316, 0.326202862873732, 0.33175864029668667, 0.34043523216306854, 0.3497128207707419, 0.3535052408477646, 0.35752555074258907, 0.3661098342771349, 0.3677277493598975, 0.3727652915301911, 0.372025462596127, 0.3794584187100404, 0.3810099853218032, 0.386995566742936, 0.39176133439163674, 0.3897232175137936, 0.39322376875234, 0.39641124768279695, 0.39827133298073086, 0.39834592330498175, 0.40203513345521413, 0.4020082695096283, 0.4025231803978878], "macro/recall": [0.1883999187756638, 0.23422791601159024, 0.25580390289015364, 0.27515331499923457, 0.27974691248862255, 0.2884794387469422, 0.29485532269388903, 0.2997286372277391, 0.30445763160527384, 0.3115137432207772, 0.31362453829166453, 0.31810596861323615, 0.31723695485302933, 0.3268305143780533, 0.3258856813120551, 0.3298981432279091, 0.33555540157555025, 0.3357054690950397, 0.33803687768524115, 0.3412889702121664, 0.34389617733621675, 0.34256034230175686, 0.3451464581906149, 0.34786046740907217, 0.34908807116618124], "macro/f1": [0.19220459468832227, 0.24255483386916987, 0.2647983318850232, 0.2846024740571686, 0.2899565887399184, 0.29816706399466403, 0.3056225289164898, 0.3103633619339866, 0.3144047127921663, 0.3224203534434734, 0.3239860407897529, 0.3284996933052299, 0.32821228686399606, 0.3367741061514038, 0.33658012192710485, 0.34116425585399124, 0.34708028420713477, 0.34615163970433865, 0.349205350509026, 0.3522878983073713, 0.35470810601091185, 0.3533140255829479, 0.35688754219606067, 0.35857316544981965, 0.3594988786448034], "samples/precision": [0.8394204836169122, 0.8578070243248813, 0.8687427156177155, 0.8768200053914339, 0.8809877126841411, 0.8857204303632875, 0.8887712485926771, 0.8895691609977323, 0.8936462842712842, 0.8966329305615021, 0.8970581171474028, 0.8985076927041212, 0.898266217909075, 0.9021465142000856, 0.9024567198674341, 0.9031169227597798, 0.9056381614417328, 0.905103130995988, 0.9057014744514745, 0.9075928535749964, 0.9075087115265686, 0.9065599083456226, 0.908823187394616, 0.9076807121449979, 0.9077110885146599], "samples/recall": [0.6770148006755149, 0.7245674959960674, 0.7460828358149787, 0.7640760033617177, 0.7706064273028559, 0.7782904099868385, 0.7838959651459652, 0.7896518164375307, 0.7953966172716173, 0.8000421701314558, 0.8013535076035077, 0.8061144212929927, 0.8062340437340437, 0.8126897903683618, 0.8131041577470148, 0.8160519539983826, 0.8200480075480074, 0.8204594017094017, 0.8222923405959119, 0.8247511417154275, 0.8261952828917115, 0.8250600094350095, 0.8289566584209442, 0.8288029926422783, 0.8297619047619047], "samples/f1": [0.722687614583219, 0.763533807739602, 0.7828587766712142, 0.7980404483776112, 0.8043280603845039, 0.8112860705080984, 0.8163406932450388, 0.820624200188386, 0.8255649879775754, 0.829621193963102, 0.8309759056387427, 0.83465278177441, 0.8344239674097317, 0.8402459807554713, 0.8404609783231163, 0.8427214950753912, 0.8461068640077132, 0.8462802312202913, 0.8477012135291355, 0.8502197773551419, 0.8509534680363852, 0.8497450058451557, 0.8531311680974518, 0.8525185053781458, 0.8531794926962258], "hamming_loss": [0.08401647372235607, 0.07363469863469863, 0.06854175236528179, 0.06480774127832951, 0.06292237174590115, 0.061257370080899494, 0.059528706587530116, 0.058590918885036536, 0.05759681494975613, 0.05648273295332118, 0.05565512918454095, 0.05508217272923155, 0.05477855477855478, 0.053610605081193315, 0.053502869679340266, 0.05274137627078804, 0.05187214746038275, 0.0516248457424928, 0.051610154551331014, 0.0505548373195432, 0.05063808740279328, 0.05070174923116099, 0.049959844077491135, 0.050123895712131, 0.05005043975632211], "total_loss": [0.21664860593264879, 0.18889883348580944, 0.17650155971178474, 0.16681512301950374, 0.16183560478074271, 0.15815515933551663, 0.15355640493924688, 0.15200505873402032, 0.14865006347863752, 0.14646648283127237, 0.14512057791421779, 0.14299945768244468, 0.14184614635733916, 0.13991407279000628, 0.13913146193849313, 0.13690968471377538, 0.13606261711208822, 0.13479068740984823, 0.1335792869221954, 0.13233345842991637, 0.13225227644446347, 0.13149452176375642, 0.13077758645626078, 0.13008693199136637, 0.12907239309189467], "report": []}, "validating": {"micro/precision": [0.8290826287946463, 0.8705619903678519, 0.8965857981566305, 0.9019786316573165, 0.8813211498710622, 0.9128943236978919, 0.9043935031476494, 0.9083459260891289, 0.8853986981665204, 0.9019864885223509, 0.8791487164543023, 0.9078326287757476, 0.8825711044190634, 0.886858715455202, 0.8817927092428371, 0.899282084568411, 0.887579333576003, 0.9120412157494604, 0.9107008451575805, 0.899918054672815, 0.8864943799960135, 0.9114131713182504, 0.9023835310468801, 0.9090984841674696, 0.9034498570302887], "micro/recall": [0.6937294353632666, 0.6971192231474918, 0.6929197693817141, 0.7084921154578459, 0.7303688618257684, 0.7175385663759704, 0.724899000543438, 0.7467877846932759, 0.766377452838202, 0.7674362632060122, 0.7801487588745135, 0.7673479045780497, 0.7796982649558112, 0.7674720274367487, 0.7920586549011697, 0.7772252072044978, 0.7911172818294158, 0.7638995328395546, 0.7576657558602533, 0.7973258387203025, 0.8043299580994527, 0.7821616389293613, 0.79606467365811, 0.7934702893450556, 0.7854941866003321], "micro/f1": [0.7541827611977862, 0.7731565624040031, 0.7804489058735719, 0.792565366386177, 0.7977727180431883, 0.8023607225335633, 0.8036743856119841, 0.8185801646342459, 0.8205847708259684, 0.8282279945021958, 0.825804643141658, 0.8308396623160016, 0.8269989423404938, 0.8218172026721616, 0.8335494070040587, 0.832984350580992, 0.8356102119957421, 0.8304282598405714, 0.8262538249808777, 0.8446539626028737, 0.8423840976226261, 0.8409393634084988, 0.8450843263304644, 0.8464825878482477, 0.839488650481828], "macro/precision": [0.26246204023765257, 0.2829513008759994, 0.320266711686581, 0.3294590216534145, 0.32301709761159103, 0.3595113399053281, 0.30580286854837796, 0.366287926952051, 0.36628741207702464, 0.36850914480400987, 0.37250481972444444, 0.36779186175808054, 0.3889764304894188, 0.38925198292363405, 0.3756510206859534, 0.38870966795628664, 0.382963364804834, 0.3962851994745663, 0.3813418042641475, 0.40211330585748767, 0.4050649221588713, 0.4053343494592336, 0.39907759424118217, 0.4148526879635439, 0.4116215732507665],