{"training": {"micro/precision": [0.8477146776424108, 0.8509071975347073, 0.8557440053259623, 0.8604916721133823, 0.8622614633708695, 0.8628328930211494, 0.8667658546559933, 0.8681480527327768, 0.8717950122984199, 0.8728230919838496, 0.875175712653974, 0.8778221113118867, 0.8777614002898692, 0.8797280735684095, 0.8820175250406938, 0.8836578621535828, 0.8861831745947802, 0.8866295399869144, 0.8876567048161053, 0.8886843454371066], "micro/recall": [0.6006788703263068, 0.6544579553867106, 0.6720229823426382, 0.68552290514576, 0.6997626279420586, 0.7097040293291678, 0.7205989040671578, 0.7271402759916576, 0.7340524956528728, 0.7400575949376066, 0.7453230603404122, 0.7509420716851277, 0.752793320180167, 0.7559185597701151, 0.7603758873040596, 0.7625957111546984, 0.7660843839292573, 0.7657461586211626, 0.7687561721835953, 0.7709220682386893], "micro/f1": [0.7008324454878853, 0.7386356121235251, 0.7516850309663918, 0.7619865527855827, 0.771404986718474, 0.7776526459325297, 0.7857657340662493, 0.7902625232872267, 0.7958796776237634, 0.7999437824754375, 0.8039493662542728, 0.8085364342593263, 0.8094902729590993, 0.8122636782170436, 0.8159213729800388, 0.8178977008668049, 0.8208687108904458, 0.8209074836368961, 0.8231497771328818, 0.8247870949956848], "macro/precision": [0.214782575046038, 0.28066852953382515, 0.3088673422878578, 0.3248283208728003, 0.3410410177568802, 0.3551267834902297, 0.3712024410086751, 0.3721480835480629, 0.3823733164109263, 0.38316577421153364, 0.3873026901058354, 0.3944624479772132, 0.3977414461539976, 0.400645232631088, 0.4048825006495629, 0.4056336316100759, 0.40933556312314606, 0.4101576445275092, 0.4130579648524108, 0.4138018008334099], "macro/recall": [0.16805322254792168, 0.21694808838208263, 0.2358295160515305, 0.2490406424380439, 0.26543090374946937, 0.27385413596486446, 0.28555452953206983, 0.29153034621682944, 0.29918415960516564, 0.3032829634106604, 0.30866963562435124, 0.3137092789742469, 0.31796573076463075, 0.32177528658888105, 0.3256521114606269, 0.32828102481665417, 0.33067475769738147, 0.33031339464941945, 0.33396182966926424, 0.33666860782955466], "macro/f1": [0.1732940465599909, 0.2282604817022202, 0.25036209891628, 0.26444545752773846, 0.281149567031678, 0.2904789909587913, 0.3031323109002962, 0.3081762300563712, 0.31676532602071494, 0.3197847297274992, 0.32539729391682265, 0.3314919893607199, 0.3355167020535029, 0.33879678343564706, 0.34301753808026925, 0.3445250708460542, 0.34803394100863316, 0.34834093431438395, 0.35140646918683505, 0.3536110878581679], "samples/precision": [0.8456119874338623, 0.8566931547619047, 0.8630508928571429, 0.8658960317460317, 0.8696335317460318, 0.871444494047619, 0.8763482142857142, 0.8782083829365078, 0.8811575396825396, 0.8829296130952381, 0.8856706349206349, 0.8894218253968253, 0.8891994047619048, 0.8918206845238096, 0.8938074404761904, 0.8951494047619047, 0.8971633432539683, 0.8981058035714287, 0.8992833333333333, 0.8998424107142857], "samples/recall": [0.6526632936507936, 0.7034808531746031, 0.7200159722222222, 0.7304766865079365, 0.7439996031746032, 0.7523871527777777, 0.7623313988095237, 0.7671114583333333, 0.7741160714285714, 0.7792946428571428, 0.7832966765873016, 0.788707738095238, 0.789910615079365, 0.7938123511904762, 0.797992609126984, 0.7998656249999999, 0.8029628472222222, 0.8031264384920634, 0.8060540178571428, 0.8074959325396824], "samples/f1": [0.7076422288359788, 0.7471912175787175, 0.761595278101528, 0.7708532062844563, 0.7817425243737743, 0.788127525021275, 0.7971163505476007, 0.8008083361083361, 0.8066701148388649, 0.8107705278517778, 0.8144963293650793, 0.8195287314537314, 0.8201851518851518, 0.8235635757760759, 0.8271398883523883, 0.8291579614829616, 0.8317138500388501, 0.832334336034336, 0.8346061528749028, 0.8357527005402006], "hamming_loss": [0.08620588235294117, 0.07759803921568627, 0.07442647058823527, 0.07180147058823529, 0.06951470588235295, 0.06797794117647057, 0.06585049019607843, 0.06467401960784312, 0.06311519607843137, 0.06209803921568627, 0.06095588235294117, 0.05969117647058824, 0.059446078431372555, 0.05864460784313725, 0.05753186274509804, 0.05695098039215687, 0.056090686274509804, 0.05606617647058823, 0.05539460784313725, 0.05494607843137255], "total_loss": [0.23109919254191094, 0.19906833667062873, 0.1910108448807859, 0.18503690045680582, 0.17917873254690184, 0.17528871343408253, 0.17017555043272511, 0.1671617454393576, 0.16280271575711355, 0.16007447383183443, 0.15710321547400866, 0.15470774801619264, 0.1532421220262424, 0.15075808433021295, 0.1477592662357934, 0.14692383675776896, 0.1452458734737267, 0.14435045742708877, 0.1422382900003905, 0.14145192904067283], "report": []}, "validating": {"micro/precision": [0.852921242706426, 0.8461374559604669, 0.8345927242371433, 0.8892800983467211, 0.8700358249106482, 0.8677959000007337, 0.8793891141494072, 0.8758456490857223, 0.8708892858881772, 0.8736875267381295, 0.872320501753836, 0.8524385074314065, 0.8853034002096818, 0.8829371881287774, 0.9051713238327121, 0.8696052061244495, 0.8943945335945721, 0.8754322114641037, 0.910565903716708, 0.9248387392371149], "micro/recall": [0.6489492365377255, 0.6815701925741956, 0.7057487505070565, 0.6697016208548345, 0.7039655737304478, 0.7172118681388953, 0.7291440889544502, 0.7458025898328814, 0.747625259025779, 0.7627377143689722, 0.7560110522771151, 0.7747499709962141, 0.7507153659009841, 0.7650047360460317, 0.7327104821626488, 0.7806482741959565, 0.7543292004448591, 0.7835668233229375, 0.7447631829146573, 0.7310111335850416], "micro/f1": [0.7364122191580422, 0.7542595955194765, 0.7642035615277035, 0.7633604170509972, 0.7776831807717177, 0.78481079499075, 0.7966530270454266, 0.8050924562262477, 0.8039092567879731, 0.8138536955529544, 0.8094707134916852, 0.8112503215742537, 0.8120415840218513, 0.8192213940039423, 0.809338971615948, 0.8223119600861898, 0.817841316770319, 0.8264937879257633, 0.8188596950422262, 0.8161066902417279], "macro/precision": [0.22918545398327198, 0.2718501194617822, 0.3164424305400604, 0.31629519628602953, 0.35034433446813323, 0.37451711187545184, 0.3854468045231476, 0.38457534067084054, 0.39113348569474327, 0.39872020412531783, 0.39082291167749705, 0.3991480341870742, 0.3893248022128454, 0.4063976186672945, 0.4048825907619146, 0.40752750877654303, 0.4074247281757748, 0.4116398608082588, 0.414507800296427, 0.41483911854244865], "macro/recall": [0.18538200764705637, 0.2237924037677835, 0.257906878068973, 0.22972514147459672, 0.25238215091878313, 0.2828295828820195, 0.30777073732044086, 0.31000468870844056, 0.2998332593737186, 0.3299914229483214, 0.30996555581426405, 0.3379503730691156, 0.31764061334021104, 0.33011017206459853, 0.30678842293427155, 0.3333691058692501, 0.3230777755401995, 0.3505764303398492, 0.31740752531362715, 0.30959536331668647], "macro/f1": [0.19678240012201725, 0.23304731100517762, 0.2680713249281153, 0.25058501164640956, 0.2743030624674016, 0.303027157667231, 0.3251376584724908, 0.3257810472554547, 0.3239296614369819, 0.34655326140564713, 0.3287457441654197, 0.3485356133996278, 0.3323545148674095, 0.3467683120163677, 0.33091947916375714, 0.3498630017315214, 0.3423955080165669, 0.36240816817474764, 0.3431413459077854, 0.3328401551610188], "samples/precision": [0.8586909514304721, 0.8664438979184488, 0.8511931494154551, 0.8940220748978235, 0.8729169636916643, 0.8760511714665906, 0.8921779952000761, 0.8883610754681113, 0.8834604600323164, 0.8928075396825396, 0.8873119831765042, 0.8752673224978614, 0.8945605812185154, 0.8987076442353387, 0.9133399866932801, 0.8867057551563539, 0.9019694242467446, 0.8946040953806672, 0.9157004443493965, 0.9290294411177645],