{"training": {"micro/precision": [0.8561561027807022, 0.8542241301720211, 0.8553043161889442, 0.8542671532269829, 0.8521792124398011, 0.8520626022193524, 0.84902524650017, 0.8496435060816142, 0.8486775501655154, 0.8510271659188784], "micro/recall": [0.5773915017023754, 0.6120539212309278, 0.62046570197843, 0.626738958680881, 0.6360377713383163, 0.6441973205978578, 0.6491270269791796, 0.6545545258847615, 0.6572334307708363, 0.6630551720050196], "micro/f1": [0.6827870855813524, 0.7121450951055084, 0.7180176049216318, 0.7219611251738592, 0.7272563420254932, 0.7324915454752862, 0.7346687240890255, 0.7384170711808115, 0.7397664747542847, 0.7444501770427748], "macro/precision": [0.15985349871895374, 0.21196079741234639, 0.22000938250587368, 0.23111405773624993, 0.24529920481201856, 0.26673246282032564, 0.2855936380022358, 0.29851409532201817, 0.3049620985900466, 0.3207246541774538], "macro/recall": [0.14950212475103936, 0.17547309609401798, 0.18257411901999018, 0.18764045175220886, 0.19913165519285694, 0.21076360629805344, 0.21831733979945542, 0.2266679584486371, 0.22730729835426453, 0.23442834604756424], "macro/f1": [0.14378135196369046, 0.18117147743103953, 0.1887192755519162, 0.19530579582337673, 0.20747272581709153, 0.220259523748992, 0.22951236350130075, 0.2377886274844911, 0.2406271429313988, 0.24913210718309267], "samples/precision": [0.8508641752344877, 0.86069375, 0.8620513888888888, 0.8612451388888889, 0.8602809523809524, 0.860982490079365, 0.8581557539682539, 0.8601113095238095, 0.8599974206349207, 0.8608700396825396], "samples/recall": [0.6347810515873016, 0.6652797619047619, 0.6718261904761905, 0.676828621031746, 0.6845060019841269, 0.6919336805555556, 0.6963583333333333, 0.7014151785714284, 0.7033848214285715, 0.7097074404761904], "samples/f1": [0.6929896202578382, 0.7225017346079846, 0.7278069444444445, 0.7311968614718615, 0.7367425745550745, 0.7424669233544233, 0.7452674584674585, 0.7493483467920966, 0.7507722360972362, 0.7555723470973471], "hamming_loss": [0.09401960784313725, 0.08291666666666665, 0.08165686274509804, 0.08090931372549019, 0.07992156862745098, 0.07883823529411764, 0.07853431372549019, 0.07767156862745098, 0.07745588235294118, 0.07630637254901962], "total_loss": [0.23827173570740107, 0.21246707067729362, 0.2082065956428795, 0.2050953288297149, 0.20296858720190836, 0.20046266417661002, 0.19862634371049068, 0.19659233932043843, 0.19562341935192445, 0.193340052438996], "report": []}, "validating": {"micro/precision": [0.8631590688325221, 0.8585500861917116, 0.87138038723943, 0.8235699612210318, 0.880879278847059, 0.7700429631244716, 0.8566426518225072, 0.8735405175466328, 0.8531170593323876, 0.8668904153238302], "micro/recall": [0.609409039035831, 0.6181183952634526, 0.6014666497016128, 0.6685494769832815, 0.597339862625979, 0.6940403131428393, 0.6569796331171593, 0.6306501289182688, 0.6669458462149007, 0.655193023208843], "micro/f1": [0.713660080625802, 0.7178856015800361, 0.7109590493401107, 0.7372577860331301, 0.7109615544533384, 0.7290821939527491, 0.7427485936751499, 0.7317153081403178, 0.7479672668275756, 0.7455346175669683], "macro/precision": [0.2189853972468052, 0.2137336312993645, 0.2297141781492794, 0.25571882883294605, 0.22855123765855345, 0.23966188478488903, 0.2942174794832765, 0.2770087718108818, 0.31729470285494193, 0.33209225898629025], "macro/recall": [0.178374293391095, 0.1748513296525321, 0.18542221580774024, 0.20658628869381362, 0.17861848162258065, 0.22656225034058602, 0.22326822382491607, 0.21344763082223214, 0.25187049797609445, 0.22360047444265846], "macro/f1": [0.18320338894570543, 0.18224706148124048, 0.19081066512251782, 0.2139616443095417, 0.18271930109479398, 0.21999388497248412, 0.2374861798006256, 0.22409195187006226, 0.2612309069392289, 0.24688655874141877], "samples/precision": [0.8717980705256154, 0.8674837824351298, 0.8785844976713241, 0.8393754158349966, 0.8776925316034597, 0.80822625582169, 0.8702015611633875, 0.8706981869594145, 0.8603531033171752, 0.8772814490067484], "samples/recall": [0.6711113487311092, 0.6716914385514684, 0.6671793318125653, 0.7020087800589296, 0.6630970202452239, 0.718247879241517, 0.7040215699553273, 0.6909189062351487, 0.716994879289041, 0.707441367265469], "samples/f1": [0.7299247194643901, 0.7298026961949118, 0.7267307106566089, 0.7417827362812393, 0.726506618797038, 0.7391212489827759, 0.7539249651712228, 0.7463728615861849, 0.760912834116427, 0.7587806162843588], "hamming_loss": [0.0822032405776682, 0.08160150287659974, 0.08224727016555124, 0.08012651168251732, 0.0815574732887167, 0.08673094986497593, 0.07647939415287074, 0.07782963484795118, 0.0755621110719737, 0.07515850651637901], "total_loss": [0.21298639373787473, 0.20797078222255108, 0.20711877250603358, 0.20644036014966083, 0.20602135558237333, 0.21369079991384687, 0.19351298944685522, 0.2005860500938855, 0.19109813806974738, 0.1894436136281914]}}