{"training": {"accuracy": [0.702625, 0.703375, 0.7035416666666666, 0.7033333333333333, 0.7033333333333333, 0.7032083333333332, 0.7035, 0.7032916666666666, 0.7034166666666667, 0.7035, 0.7292083333333332, 0.7359583333333333, 0.7360416666666667, 0.7372916666666667, 0.7379583333333333], "total_loss": [0.4189303711652756, 0.37238027985394, 0.36568780928850175, 0.36169348694384096, 0.358105114325881, 0.357035192027688, 0.35462642706930636, 0.3539566395878792, 0.35156642614305017, 0.3510642644613981, 0.350061537027359, 0.3487247061878443, 0.34653305323421957, 0.34547853967547415, 0.3434578037559986]}, "validating": {"accuracy": [0.7029850746268657, 0.7033582089552238, 0.7027363184079602, 0.7031094527363184, 0.7028606965174129, 0.7036069651741294, 0.7028606965174129, 0.7028606965174129, 0.7028606965174129, 0.7032338308457712, 0.7359452736318408, 0.7325870646766169, 0.7384328358208956, 0.7399253731343285, 0.7405472636815921], "total_loss": [0.3777949006254993, 0.36393133077158857, 0.3593346035302575, 0.3562076874188523, 0.35355510213481844, 0.3510322213172913, 0.34973176953507895, 0.3488712287660855, 0.3470063408364111, 0.34552365448047867, 0.3439492594395111, 0.3465593035541364, 0.342757231219491, 0.339880825645888, 0.337995428069314]}}