{"training": {"micro/precision": [0.7480833333333332, 0.8066666666666666, 0.8220416666666667, 0.836625, 0.8439583333333333, 0.846375, 0.8527916666666666, 0.3384166666666667, 0.052125, 0.052125], "micro/recall": [0.8009650695414425, 0.8636311658496004, 0.8800968051716906, 0.895815682394586, 0.9036039500003594, 0.9062084229017868, 0.9130044724789578, 0.36195269382283113, 0.055724793043214094, 0.055841713065504964], "micro/f1": [0.7730641817297385, 0.8335366567331719, 0.8494090567463429, 0.8645672061964133, 0.8720938364942159, 0.8746281428944263, 0.8812349943690133, 0.349506086069605, 0.05382496617407552, 0.053881625970361], "macro/precision": [0.4997143961610023, 0.6567588792797366, 0.6857869028175226, 0.707358677047503, 0.7313243268800392, 0.723032345396237, 0.7343039554432221, 0.2702986212856855, 0.017375, 0.017375000000000005], "macro/recall": [0.52492401160694, 0.634373703183691, 0.6709084401935392, 0.6973666389319538, 0.7253084346760935, 0.7206470570108189, 0.7418685313382296, 0.42676928464938296, 0.23766666666666666, 0.24433333333333332], "macro/f1": [0.4812457575039092, 0.6131476965609507, 0.647388426365831, 0.6755463989774908, 0.7013074471514479, 0.6986284930024922, 0.7148183773020818, 0.2755857304544457, 0.03187090620745793, 0.03194054650330512], "samples/precision": [0.7480833333333332, 0.8066666666666666, 0.8220416666666667, 0.836625, 0.8439583333333333, 0.846375, 0.8527916666666666, 0.3384166666666667, 0.052125, 0.052125], "samples/recall": [0.7480833333333332, 0.8066666666666666, 0.8220416666666667, 0.836625, 0.8439583333333333, 0.846375, 0.8527916666666666, 0.3384166666666667, 0.052125, 0.052125], "samples/f1": [0.7480833333333332, 0.8066666666666666, 0.8220416666666667, 0.836625, 0.8439583333333333, 0.846375, 0.8527916666666666, 0.3384166666666667, 0.052125, 0.052125], "hamming_loss": [0.14598611111111112, 0.10698611111111112, 0.09669444444444446, 0.08693055555555554, 0.08204166666666667, 0.08044444444444444, 0.07618055555555556, 0.41908333333333336, 0.6099166666666668, 0.6099583333333333], "total_loss": [0.3351988283097744, 0.2639641571603715, 0.23876919352635742, 0.22095167287811637, 0.2087383595407009, 0.20340519135072826, 0.19176705135032535, 39.36248696926609, 60.991666606903074, 60.99583322906494]}, "validating": {"micro/precision": [0.7916666666666666, 0.8333333333333334, 0.875, 0.7083333333333334, 0.7083333333333334, 0.9166666666666666, 0.75, 0.125, 0.0, 0.041666666666666664], "micro/recall": [0.8636363636363636, 0.8333333333333334, 0.9130434782608695, 0.7727272727272727, 0.7391304347826086, 1.0, 0.9473684210526315, 0.15789473684210525, 0.0, 0.043478260869565216], "micro/f1": [0.8260869565217391, 0.8333333333333334, 0.8936170212765957, 0.7391304347826088, 0.723404255319149, 0.9565217391304348, 0.8372093023255814, 0.13953488372093023, 0.0, 0.0425531914893617], "macro/precision": [0.6695906432748537, 0.6481481481481481, 0.6315789473684211, 0.7777777777777777, 0.6166666666666667, 0.6470588235294118, 0.652046783625731, 0.041666666666666664, 0.0, 0.013888888888888888], "macro/recall": [0.6666666666666666, 0.48148148148148145, 0.6, 0.6984126984126985, 0.7891737891737892, 0.6666666666666666, 0.8888888888888888, 0.3333333333333333, 0.0, 0.3333333333333333], "macro/f1": [0.6619047619047619, 0.5370370370370371, 0.6111111111111112, 0.6888888888888888, 0.6095238095238095, 0.6565656565656566, 0.7385620915032679, 0.07407407407407407, 0.0, 0.02666666666666666], "samples/precision": [0.7916666666666666, 0.8333333333333334, 0.875, 0.7083333333333334, 0.7083333333333334, 0.9166666666666666, 0.75, 0.125, 0.0, 0.041666666666666664], "samples/recall": [0.7916666666666666, 0.8333333333333334, 0.875, 0.7083333333333334, 0.7083333333333334, 0.9166666666666666, 0.75, 0.125, 0.0, 0.041666666666666664], "samples/f1": [0.7916666666666666, 0.8333333333333334, 0.875, 0.7083333333333334, 0.7083333333333334, 0.9166666666666666, 0.75, 0.125, 0.0, 0.041666666666666664], "hamming_loss": [0.1111111111111111, 0.1111111111111111, 0.06944444444444445, 0.16666666666666666, 0.18055555555555555, 0.027777777777777776, 0.09722222222222222, 0.5138888888888888, 0.6111111111111112, 0.625], "total_loss": [0.307152658700943, 0.2355393022298813, 0.15378747880458832, 0.34970614314079285, 0.35370486974716187, 0.06649286299943924, 0.1679183393716812, 51.38888931274414, 61.11111068725586, 62.5]}}