{"training": {"accuracy": [0.7332916666666667, 0.7629166666666667, 0.7575416666666668, 0.7648333333333334, 0.2970416666666667, 0.1785, 0.17854166666666665, 0.17870833333333333, 0.17858333333333332, 0.17879166666666665, 0.178625, 0.17858333333333332, 0.17858333333333332, 0.1786666666666667, 0.17854166666666668], "total_loss": [0.3516432171612978, 0.3181480479836464, 0.3134895582795143, 0.2968147146180272, 41.78865717096627, 52.57222266197205, 52.563889255523684, 52.55694491004944, 52.562500400543215, 52.55277826118469, 52.55972270965576, 52.56388938522339, 52.56388934135437, 52.56111154174805, 52.563889387130736]}, "validating": {"accuracy": [0.7609452736318407, 0.7609452736318408, 0.7661691542288558, 0.764179104477612, 0.17898009950248758, 0.17898009950248758, 0.1787313432835821, 0.17860696517412933, 0.17898009950248756, 0.17885572139303482, 0.17898009950248756, 0.17885572139303485, 0.17885572139303485, 0.17885572139303485, 0.17898009950248756], "total_loss": [0.29120093201523395, 0.3069688298364184, 0.2844971466420302, 0.2971327292162981, 52.52487616467832, 52.524875948322354, 52.54975181124104, 52.54975178277314, 52.529022068763844, 52.53316796146222, 52.520730089785445, 52.52902203460238, 52.52902198905375, 52.53731380861197, 52.52487609635538]}}