{"training": {"accuracy": [0.7133333333333334, 0.776125, 0.8120833333333334, 0.8247083333333334, 0.8299583333333332], "total_loss": [0.36775606851279735, 0.2996226086094975, 0.25704125162959096, 0.2376441248357296, 0.2255810625590384]}, "validating": {"accuracy": [0.7536069651741295, 0.8146766169154228, 0.817910447761194, 0.8338308457711444, 0.8348258706467663], "total_loss": [0.3246394421627272, 0.26109292384848665, 0.25398329205032605, 0.21256281613413966, 0.21048998241104297]}}