{"training": {"accuracy": [0.7283333333333333, 0.7034166666666666, 0.7033333333333334, 0.7033333333333333, 0.7034583333333334], "total_loss": [0.3789625297859311, 0.43000275249779224, 0.42989164240658284, 0.4297776467949152, 0.42974725322425367]}, "validating": {"accuracy": [0.7027363184079602, 0.7026119402985075, 0.7029850746268657, 0.7031094527363183, 0.7029850746268657], "total_loss": [0.42953627323036764, 0.4294629266902582, 0.42911786579374056, 0.42921594777213995, 0.429172386384722]}}