{"training": {"accuracy": [0.7044583333333333, 0.7394166666666666, 0.7762083333333333, 0.7959583333333332, 0.8130833333333333, 0.8215, 0.8334166666666667, 0.841375, 0.8495833333333332, 0.1935833333333333, 0.17854166666666668, 0.17866666666666667, 0.1784583333333333, 0.17866666666666667, 0.17866666666666667, 0.178625, 0.178625, 0.17858333333333332, 0.1786666666666667, 0.17858333333333332, 0.17875, 0.1786666666666667, 0.1787083333333333, 0.1787083333333333, 0.17858333333333332], "total_loss": [0.36954839965701103, 0.3410399219766259, 0.3048302086368203, 0.2769084705337882, 0.25542093874141575, 0.24239987612515687, 0.22412172665819527, 0.20974479504302143, 0.20211294597014784, 51.39470651581883, 52.56805605697632, 52.555556030273436, 52.57083374023438, 52.559722652435305, 52.55694485855103, 52.56111155319214, 52.56111160469055, 52.56666712188721, 52.556944904327395, 52.56944480705261, 52.552778263092044, 52.55972267913818, 52.55833374595642, 52.556944847106934, 52.563889293670655]}, "validating": {"accuracy": [0.7332089552238806, 0.7628109452736319, 0.8013681592039801, 0.8210199004975123, 0.830721393034826, 0.8412935323383086, 0.8523631840796021, 0.8630597014925373, 0.8635572139303483, 0.1787313432835821, 0.17860696517412933, 0.17860696517412933, 0.17860696517412933, 0.17885572139303485, 0.1787313432835821, 0.17885572139303482, 0.17848258706467662, 0.17885572139303485, 0.1783582089552239, 0.1787313432835821, 0.1787313432835821, 0.17860696517412933, 0.17885572139303482, 0.17885572139303485, 0.17860696517412933], "total_loss": [0.354310369402615, 0.3284384034462829, 0.2649826259310566, 0.2460163587509696, 0.23887012233929847, 0.2054106078597147, 0.19429625074810056, 0.17672801108947442, 0.17390054674513306, 52.54145976963328, 52.54560576481606, 52.55804349984696, 52.545605810364684, 52.5373138769349, 52.537313956645, 52.537313842773436, 52.558043477072644, 52.529022125699626, 52.56218955196552, 52.537313956645, 52.5414598151819, 52.55804354539558, 52.533167984236535, 52.52902202321522, 52.54975173722452]}}