{"training": {"micro/precision": [0.712625, 0.7544166666666667, 0.7805416666666666, 0.763125, 0.1972916666666667, 0.1786666666666667, 0.17870833333333333, 0.17858333333333332, 0.17858333333333332, 0.178375], "micro/recall": [0.762414402587885, 0.807764660580965, 0.8359813181669588, 0.8175005040453183, 0.2113588052855148, 0.19110212041962615, 0.19125518564197053, 0.19133112666188448, 0.19101903127383676, 0.19076552984899664], "micro/f1": [0.7361160640274557, 0.7795812040043872, 0.806717131814455, 0.7887540473306144, 0.2039296200866817, 0.18453404442201848, 0.1846384265940109, 0.18459069974468856, 0.18445381342692616, 0.18424084602187724], "macro/precision": [0.3249874002509956, 0.5545621251675615, 0.6320881245866103, 0.5375619269416937, 0.07344303047363689, 0.05956219806763285, 0.059577898550724644, 0.05955193236714976, 0.059537439613526574, 0.059482487922705315], "macro/recall": [0.4284639190497835, 0.5668157786099972, 0.6166982253471266, 0.5330139261180281, 0.33541675430406076, 0.3282222222222222, 0.3315999999999999, 0.3309027777777777, 0.3306666666666666, 0.32996296296296296], "macro/f1": [0.35914315380609885, 0.5216272292163469, 0.5843519341401519, 0.5009836943424235, 0.11066566566061724, 0.0986181176228715, 0.09849596150258848, 0.0988178631160079, 0.09857875164054056, 0.09839332975031204], "samples/precision": [0.712625, 0.7544166666666667, 0.7805416666666666, 0.763125, 0.1972916666666667, 0.1786666666666667, 0.17870833333333333, 0.17858333333333332, 0.17858333333333332, 0.178375], "samples/recall": [0.712625, 0.7544166666666667, 0.7805416666666666, 0.763125, 0.1972916666666667, 0.1786666666666667, 0.17870833333333333, 0.17858333333333332, 0.17858333333333332, 0.178375], "samples/f1": [0.712625, 0.7544166666666667, 0.7805416666666666, 0.763125, 0.1972916666666667, 0.1786666666666667, 0.17870833333333333, 0.17858333333333332, 0.17858333333333332, 0.178375], "hamming_loss": [0.16961111111111107, 0.1417638888888889, 0.12434722222222223, 0.13594444444444445, 0.5131944444444445, 0.5255833333333333, 0.5255277777777778, 0.5256666666666667, 0.5256666666666666, 0.5257777777777777], "total_loss": [0.37131586666405203, 0.33334822291880845, 0.30815693679079414, 0.3146428040117025, 50.966837664790454, 52.55833385848999, 52.55277821731568, 52.56666711807251, 52.566667093276976, 52.57777819442749]}, "validating": {"micro/precision": [0.6666666666666666, 0.7916666666666666, 0.8333333333333334, 0.75, 0.08333333333333333, 0.25, 0.125, 0.08333333333333333, 0.20833333333333334, 0.08333333333333333], "micro/recall": [0.8421052631578947, 0.8260869565217391, 0.9523809523809523, 0.8181818181818182, 0.09090909090909091, 0.2727272727272727, 0.13043478260869565, 0.09090909090909091, 0.20833333333333334, 0.08695652173913043], "micro/f1": [0.744186046511628, 0.8085106382978724, 0.888888888888889, 0.7826086956521738, 0.08695652173913043, 0.2608695652173913, 0.1276595744680851, 0.08695652173913043, 0.20833333333333334, 0.0851063829787234], "macro/precision": [0.4444444444444444, 0.7807017543859649, 0.7361111111111112, 0.5797101449275363, 0.027777777777777776, 0.08333333333333333, 0.041666666666666664, 0.027777777777777776, 0.06944444444444445, 0.027777777777777776], "macro/recall": [0.6666666666666666, 0.7303921568627452, 0.9444444444444445, 0.4166666666666667, 0.3333333333333333, 0.3333333333333333, 0.3333333333333333, 0.3333333333333333, 0.3333333333333333, 0.3333333333333333], "macro/f1": [0.5333333333333333, 0.6518518518518518, 0.7808080808080807, 0.4166666666666667, 0.05128205128205129, 0.13333333333333333, 0.07407407407407407, 0.05128205128205129, 0.1149425287356322, 0.05128205128205129], "samples/precision": [0.6666666666666666, 0.7916666666666666, 0.8333333333333334, 0.75, 0.08333333333333333, 0.25, 0.125, 0.08333333333333333, 0.20833333333333334, 0.08333333333333333], "samples/recall": [0.6666666666666666, 0.7916666666666666, 0.8333333333333334, 0.75, 0.08333333333333333, 0.25, 0.125, 0.08333333333333333, 0.20833333333333334, 0.08333333333333333], "samples/f1": [0.6666666666666666, 0.7916666666666666, 0.8333333333333334, 0.75, 0.08333333333333333, 0.25, 0.125, 0.08333333333333333, 0.20833333333333334, 0.08333333333333333], "hamming_loss": [0.1527777777777778, 0.125, 0.06944444444444445, 0.1388888888888889, 0.5833333333333334, 0.4722222222222222, 0.5694444444444444, 0.5833333333333334, 0.5277777777777778, 0.5972222222222222], "total_loss": [0.3141010105609894, 0.2962934076786041, 0.18980593979358673, 0.2998479902744293, 58.33333206176758, 47.22222137451172, 56.9444465637207, 58.33333206176758, 52.77777862548828, 59.72222137451172]}}