{"training": {"accuracy": [0.7450833333333332, 0.805, 0.8242083333333332, 0.8337083333333333, 0.8449583333333333], "total_loss": [0.33933511755615475, 0.2633713232651353, 0.2401732318624854, 0.2236834599301219, 0.20723175266385077]}, "validating": {"accuracy": [0.7966417910447762, 0.8338308457711444, 0.8453980099502487, 0.8390547263681591, 0.8605721393034824], "total_loss": [0.2662673057237668, 0.22306705820026682, 0.20364456797268854, 0.22952980592624464, 0.18713409122246416]}}