{"training": {"accuracy": [0.7395416666666667, 0.8035, 0.8181666666666666, 0.827625, 0.8325416666666666, 0.8374583333333333, 0.8444583333333333, 0.84675, 0.8517916666666666, 0.8557916666666666, 0.8565416666666666, 0.86275, 0.8639166666666668, 0.86475, 0.8672916666666667, 0.868375, 0.869125, 0.8743333333333333, 0.872, 0.8738333333333332, 0.72, 0.10225, 0.10470833333333333, 0.10379166666666666, 0.10308333333333333], "total_loss": [0.34257427033036947, 0.2706348180025816, 0.24663173802942037, 0.23087231244146825, 0.22406955182924868, 0.21520186468586325, 0.20651015067659317, 0.20360827405564488, 0.19418359497562052, 0.18794700937531889, 0.1864350005146116, 0.1762748629078269, 0.17463206578046084, 0.17271341624949127, 0.16769535255990922, 0.164194342168048, 0.16531288995221258, 0.15870902214385568, 0.16031446495838464, 0.1565950172804296, 11.781902275787667, 57.656944683074954, 57.48888915252685, 57.54722253417969, 57.59861138153076]}, "validating": {"accuracy": [0.79863184079602, 0.8194029850746268, 0.8264925373134329, 0.8506218905472637, 0.8292288557213929, 0.8417910447761194, 0.8543532338308457, 0.8676616915422884, 0.8736318407960197, 0.8725124378109451, 0.8746268656716418, 0.8641791044776119, 0.87636815920398, 0.8715174129353235, 0.8774875621890549, 0.8798507462686567, 0.8643034825870646, 0.8726368159203981, 0.8823383084577116, 0.8796019900497511, 0.05199004975124377, 0.05199004975124377, 0.051990049751243786, 0.051865671641791046, 0.051865671641791046], "total_loss": [0.2742304306644112, 0.23228537482557013, 0.22657656293751588, 0.20044528410505894, 0.21260022090664552, 0.19859996938438557, 0.17809736332786616, 0.17082252134360484, 0.1684985971717692, 0.15599107154047312, 0.15486727820625945, 0.1626970483740764, 0.15969293795859635, 0.15074805314861126, 0.14815743745707755, 0.14194169956912744, 0.15375414461787068, 0.14794096507743668, 0.14634434442355562, 0.14279637612513643, 60.98673293839639, 60.995024803503235, 60.9950248376647, 60.99917084423464, 60.99917076452454]}}