{"training": {"accuracy": [0.7049166666666667, 0.741875, 0.7976666666666667, 0.8239583333333332, 0.8402083333333333], "total_loss": [0.3691098614484072, 0.3374335763603449, 0.27549929134920237, 0.23690452602505685, 0.21734747279807926]}, "validating": {"accuracy": [0.736318407960199, 0.770771144278607, 0.8253731343283582, 0.850995024875622, 0.8599502487562191], "total_loss": [0.3448852520380447, 0.34712724079614254, 0.234248785385445, 0.19944827623331723, 0.18261036692715402]}}