{"training": {"micro/precision": [0.8476883307108938, 0.8512224578471665, 0.8547661249224129, 0.8600579334657598, 0.8626812710116456], "micro/recall": [0.5875136399458757, 0.6487698427413517, 0.6680764003509564, 0.6800782785865229, 0.6912203044134579], "micro/f1": [0.6906347492201425, 0.7353533489597581, 0.7490415362525128, 0.758681019220811, 0.7665781640486357], "macro/precision": [0.2090291777360359, 0.2921823324314418, 0.31800364243985396, 0.3367528576774864, 0.3450257774807478], "macro/recall": [0.15912686018002611, 0.2122718788000582, 0.2357186692410916, 0.24854219744465467, 0.25821488956292094], "macro/f1": [0.16276563338982505, 0.2270900000963734, 0.2521145153220689, 0.2667656541717834, 0.27675147191923655], "samples/precision": [0.8425403905122655, 0.8583845238095238, 0.8627173611111111, 0.8662382936507936, 0.8689195932539683], "samples/recall": [0.6435547123015872, 0.6975444940476191, 0.7168617063492064, 0.7276821428571428, 0.736736755952381], "samples/f1": [0.6982035450660451, 0.7427076280201281, 0.7587365740740741, 0.768156624856625, 0.7761988534613535], "hamming_loss": [0.08930392156862745, 0.07822303921568627, 0.07498774509803922, 0.0725, 0.07061274509803922], "total_loss": [0.2390071863509777, 0.20165367744996388, 0.19274979567712555, 0.18662652064042398, 0.18226901921639418], "report": []}, "validating": {"micro/precision": [0.8330488026534362, 0.8606006741600409, 0.8720762788243441, 0.8636096056916709, 0.8674230792742905], "micro/recall": [0.665129351908095, 0.6573385242829242, 0.669259074031566, 0.6908637916407119, 0.705537059363234], "micro/f1": [0.739050341923249, 0.7446880345467956, 0.7568043525147002, 0.7671844334905447, 0.7775857263081707], "macro/precision": [0.2815316657021539, 0.3148842057269514, 0.3378613714392384, 0.3425921176189036, 0.3569830627565981], "macro/recall": [0.20647603238722687, 0.23730417486067631, 0.25568307408168456, 0.22833362409525482, 0.2723626016107413], "macro/f1": [0.22026388592501756, 0.2494553482058812, 0.2696448234909413, 0.25236673581771574, 0.2913900837287183], "samples/precision": [0.8519291666666664, 0.8621875000000001, 0.8776934523809524, 0.8655372023809523, 0.8754625], "samples/recall": [0.6998809523809524, 0.7155715773809523, 0.7288315476190476, 0.7240610119047619, 0.7529809523809523], "samples/f1": [0.7397512175324675, 0.7581486811799311, 0.7722816114441113, 0.7678750076312576, 0.7908277694527694], "hamming_loss": [0.07894117647058825, 0.07578676470588236, 0.07220588235294116, 0.07052205882352942, 0.067875], "total_loss": [0.20454981943009828, 0.1916331414663667, 0.18458637205920878, 0.18062556048610737, 0.1752196251371206]}}