{"training": {"micro/precision": [0.8493765649624823, 0.8663316235257512, 0.8512749199064734, 0.8532754436348706, 0.856481221937597], "micro/recall": [0.5382990277232527, 0.6027815238903409, 0.6468080365509934, 0.6540447936682076, 0.6607510024591151], "micro/f1": [0.6560834354821412, 0.7091804183020565, 0.7339225472286607, 0.7393253387352414, 0.7446830358284339], "macro/precision": [0.14117577654928173, 0.23389940381889604, 0.27446277496676946, 0.28007014843884886, 0.287028383685105], "macro/recall": [0.12184461450054991, 0.17076663341603798, 0.20763678036052588, 0.21253474020981503, 0.22068311678795907], "macro/f1": [0.12077219041293817, 0.18110187391229537, 0.22111079788954183, 0.2268356908587585, 0.23439920849620227], "samples/precision": [0.8383609797434134, 0.8615628693589712, 0.8610529060866393, 0.8620131402552692, 0.8654076731475532], "samples/recall": [0.5940592699681905, 0.6600482001062961, 0.697780474841944, 0.7041049415768306, 0.71057650738123], "samples/f1": [0.6619941696465934, 0.717763954214479, 0.7425912570965045, 0.7481788003027383, 0.7543003729847808], "hamming_loss": [0.09909995982400957, 0.082718444699219, 0.07858325739091238, 0.07730693476791016, 0.07592037314675995], "total_loss": [0.27205917373538097, 0.21733223047284272, 0.20483088492080984, 0.20003998574207865, 0.1959802894459847], "report": []}, "validating": {"micro/precision": [0.8875203290318102, 0.8719882223750676, 0.8659850084834134, 0.873654988136665, 0.876173370815141], "micro/recall": [0.5513958807492352, 0.6253750183332984, 0.6539133989759671, 0.6502891474419853, 0.6500478684838085], "micro/f1": [0.6791254830996278, 0.7273118703665151, 0.7442834412157621, 0.7445145906604258, 0.7452370267838442], "macro/precision": [0.12033877515746724, 0.2648922708116197, 0.26790623975056094, 0.2920014280029474, 0.29434810987672566], "macro/recall": [0.11910015254600397, 0.18815961973394368, 0.19980315752977792, 0.22143486796362852, 0.2268953915992312], "macro/f1": [0.11675371650490855, 0.20393727597458408, 0.2153047835776048, 0.2386006257430172, 0.24019025300874705], "samples/precision": [0.8727370868626473, 0.8840288158113269, 0.8735079009182148, 0.8763494436140177, 0.8869664507556884], "samples/recall": [0.6119335302631267, 0.6861971196051914, 0.7017323297031817, 0.7100466818516146, 0.7156425724250834], "samples/f1": [0.6875416202023079, 0.7409242614773257, 0.7529501950466078, 0.7564541469436835, 0.7618177426847081], "hamming_loss": [0.08748058266654946, 0.07879773733110582, 0.07545649051847944, 0.07495823441484217, 0.07472376095430698], "total_loss": [0.22454948409998512, 0.20322344034183998, 0.19617890094977966, 0.1926281481007157, 0.19114422520531268]}}