{"training": {"micro/precision": [0.8543038426540864, 0.8607787427603171, 0.8703999547689394, 0.8770057270298912, 0.8800045302428365, 0.8835135803198285, 0.8848166305845327, 0.8881756895254476, 0.8895769970003599, 0.8909018220044472, 0.8934623480725631, 0.8944153811505045, 0.895975191781419, 0.8962009926514523, 0.8975955159859871, 0.8992332224208114, 0.8991780063498496, 0.9000426709879756, 0.900746506952031, 0.9020011007201644, 0.9030332458134307, 0.9023536776210015, 0.902688185204335, 0.9029231791964378, 0.9040611887126677], "micro/recall": [0.618839595305145, 0.6637605005343192, 0.6944873963264024, 0.7115444125860149, 0.7250358473385826, 0.7308940899690437, 0.7367668974478033, 0.7460449330152393, 0.7485301645676282, 0.7522200475343238, 0.7572136762305488, 0.7616515570725337, 0.7633141694399478, 0.7680972143254897, 0.7673712523655312, 0.7700554607009499, 0.7726021430804959, 0.7745345973084957, 0.778330207827167, 0.7796089939930215, 0.783423087617566, 0.7856266107596576, 0.7856049377611779, 0.7867372877187836, 0.7881726410945022], "micro/f1": [0.7146837551492765, 0.7476100779437816, 0.7707222155451777, 0.78399308973775, 0.7933977706040798, 0.7983016608252231, 0.8022777200853582, 0.8093773459990729, 0.8115146880070869, 0.8142098909476013, 0.818173251967071, 0.8213926131302253, 0.8230100827450816, 0.825862202560806, 0.8259961029772778, 0.8282635661131205, 0.8296907142518605, 0.8313247549862588, 0.8338120769431305, 0.8349881927048864, 0.8377586623640876, 0.838689131233764, 0.8388416021229823, 0.8396072453931791, 0.8409264108731362], "macro/precision": [0.21525355575088892, 0.273413588400039, 0.301190444258954, 0.3181348619643389, 0.3303723363504764, 0.33256315459619, 0.3387470869910708, 0.34985408970284215, 0.3542833053882975, 0.360744563265312, 0.3678621206471159, 0.36931345379665864, 0.37283003055180103, 0.3805123712545066, 0.3806568127369617, 0.38175766016760065, 0.38516640667370833, 0.3865211434110235, 0.391774028288471, 0.39025399091378465, 0.3966050938970201, 0.39785855249700824, 0.3970722323199857, 0.4017417674001554, 0.4026733052426107], "macro/recall": [0.17726178723063213, 0.22020974201075166, 0.24793140968612973, 0.26183277527198096, 0.2727803615325326, 0.2775798835864956, 0.28268722077649633, 0.293302958587592, 0.297394519581255, 0.3018347401775361, 0.3082353510339242, 0.3106595319776209, 0.3122400491740205, 0.31992458925555983, 0.318765473447126, 0.3204858286176758, 0.32328619155517035, 0.32515966840907384, 0.33136772218923616, 0.3301803941238064, 0.33497715378067205, 0.3381770449927323, 0.3367576244576919, 0.34067443480989484, 0.342020190873479], "macro/f1": [0.18356966484920184, 0.23038002135920066, 0.2589019935615359, 0.2731646394061097, 0.285045262911107, 0.2886465984554603, 0.29414807967253936, 0.3046290835669101, 0.3093096068260041, 0.31387923422839864, 0.320746936497594, 0.32287209846266646, 0.3256734043711572, 0.33267987765648893, 0.3318931221092162, 0.33377849925076514, 0.336934712944883, 0.33867067574509135, 0.34444751384947314, 0.3435273945313776, 0.34848013230698016, 0.3513298825858554, 0.3499877539140239, 0.3539045007456561, 0.35565375309803804], "samples/precision": [0.8375341919984777, 0.8524688109509538, 0.8656589442303727, 0.8725543305900448, 0.8767848223205366, 0.8813092165770737, 0.8826277393241678, 0.8882749195249194, 0.8893569228390658, 0.8899389301175016, 0.8923702785309927, 0.8948361162646877, 0.8976510097045811, 0.8976653802546659, 0.8978398585541442, 0.8988186912294055, 0.9004093624629338, 0.9005233357911929, 0.9028751506430077, 0.9022551852908995, 0.9056867239902955, 0.905368044653759, 0.9041021974057688, 0.9045369313226456, 0.9051711185639757], "samples/recall": [0.6623457395778825, 0.70639479568051, 0.7346425895533039, 0.7491717112252826, 0.7601626052518909, 0.7648922010529153, 0.7707377939520795, 0.781013331906189, 0.7833597949669378, 0.7866474299510015, 0.7919152771831343, 0.7962169774669775, 0.7977397602397601, 0.8026171744921745, 0.8019759506366648, 0.8039082940868656, 0.806759014794729, 0.8078618801833087, 0.8119593204414632, 0.81197126286412, 0.8166407996765139, 0.8193082710939853, 0.8176570948892377, 0.8191985593771308, 0.8204353682032253], "samples/f1": [0.7135229854135947, 0.7498538724937327, 0.7749113576973217, 0.7874924135600959, 0.7967458213337335, 0.8016350382421811, 0.8057602254093263, 0.8149879553975458, 0.8168669688712147, 0.8192910028699238, 0.8234508207410305, 0.8273355917586687, 0.8293687054426314, 0.8328137306970973, 0.8321307101526882, 0.833774355246633, 0.8360385914082219, 0.8370111338991723, 0.840740416389767, 0.8402237636378495, 0.8447138410300249, 0.8462239731907564, 0.8444792777522548, 0.8459308805025588, 0.847059643144808], "hamming_loss": [0.08281424457895047, 0.07504505298622946, 0.06918816477640007, 0.0656696244931539, 0.06327496033378387, 0.06180828974946622, 0.06085091379209026, 0.05889453683571331, 0.05823833029715383, 0.05755274137627079, 0.05639213727449022, 0.05555963644198938, 0.055123797770856596, 0.054332921979980804, 0.05422273804626746, 0.05357142857142857, 0.05321149438796498, 0.05272913361148655, 0.052055787349905, 0.05165177959295606, 0.05090008031184502, 0.050748271336506626, 0.050674815380697735, 0.050447101917690154, 0.049986777927954404], "total_loss": [0.20858839191932513, 0.18376919726449284, 0.17106805949975426, 0.16276967994484534, 0.1569004869878673, 0.1547165954459193, 0.15021729106457837, 0.14625410788990828, 0.14473909316218478, 0.14299263946832255, 0.14020255903482923, 0.1381194577357244, 0.13741416386560248, 0.13487569284643364, 0.13522988059911575, 0.13437059042732127, 0.13243569152766602, 0.13158795720921182, 0.1298285315083147, 0.1296405344287675, 0.12821873462450742, 0.1268789725127333, 0.1274091199254166, 0.12615343616288824, 0.12582897617050973], "report": []}, "validating": {"micro/precision": [0.8936689336215315, 0.8847794970511084, 0.8755408938591897, 0.9048363452036874, 0.9074398657968543, 0.9146817037368548, 0.9188525645210972, 0.8898603722947885, 0.8970008374412682, 0.9088156810604087, 0.88676761974528, 0.9131788258495129, 0.8892114298911467, 0.9238035345139269, 0.9016777437610054, 0.9172972437309478, 0.9175239705879632, 0.8978484678274282, 0.9021553973640221, 0.9003444644330326, 0.9081621645404733, 0.9099477470744205, 0.8928788142447208, 0.9105961227835949, 0.9085406405560519], "micro/recall": [0.6244473201939298, 0.6819322985908487, 0.7215503346056558, 0.7008204784052344, 0.7161046490673596, 0.7165557430027049, 0.6889752919381357, 0.7562233493612228, 0.7509387579310061, 0.7532550142206162, 0.7821015820835381, 0.7428059515749774, 0.7736885130831541, 0.7230750906698095, 0.7678174575652849, 0.7609817366977049, 0.7574493777107336, 0.7789917129080584, 0.7903370973314473, 0.7905408492550652, 0.7709458397743406, 0.7812781492053973, 0.8004424439536967, 0.7838916320773404, 0.7894826405744249], "micro/f1": [0.7335150585336304, 0.7688253140917995, 0.7899610038824311, 0.78865764684492, 0.7993290813571846, 0.8023566843856034, 0.786342851432917, 0.816522414177729, 0.8164771574773523, 0.8227498320292905, 0.8301846476101297, 0.8183006289587947, 0.8265288246154864, 0.8101933522161598, 0.8284253758640426, 0.8308593976265887, 0.8288621262026387, 0.8334239984421069, 0.8414871305790729, 0.840936499188708, 0.8330663694299608, 0.8397350062182038, 0.8431029968744002, 0.841612434573142, 0.8438001792184915], "macro/precision": [0.26157507449499506, 0.30764294480637433, 0.28390768446180015, 0.3245066208676351, 0.34358302188905143, 0.3360729679455484, 0.31536212813306935, 0.34631512595040814, 0.3603177181283624, 0.36175949019664133, 0.38038895367784975, 0.3491792369638319, 0.37073687871893846, 0.36857965969080925, 0.38168024974119213, 0.3962517905705889, 0.38293375221343157, 0.3743498589732575, 0.4035640626484103, 0.3956587061689033, 0.37988039267186957, 0.39770618791545936, 0.4026693146991459, 0.39740606790029137, 0.4135280878897706],