{"training": {"micro/precision": [0.8464209878899039, 0.8500998822440329, 0.8547409118263132, 0.8592590799158456, 0.8617646885182654], "micro/recall": [0.6027786065488544, 0.6533817893374556, 0.6710891675095504, 0.6850909207969096, 0.6989147276529113], "micro/f1": [0.7012307487445678, 0.7375903905757166, 0.7508047851613592, 0.7611936924531094, 0.7706076957445583], "macro/precision": [0.215637187566121, 0.2838512059993381, 0.3077151055133417, 0.3231810835081387, 0.3398690989158447], "macro/recall": [0.17030744828557462, 0.21473620923618286, 0.2343636270019382, 0.25156951583046155, 0.262138266653868], "macro/f1": [0.1749949605380507, 0.22673927380395786, 0.24888757678862986, 0.2656398815213405, 0.2774913959149338], "samples/precision": [0.8415033805315055, 0.8534224206349206, 0.8588906746031746, 0.8644980158730159, 0.8683562996031746], "samples/recall": [0.6539796130952381, 0.7008631944444443, 0.7172522321428572, 0.7299130952380952, 0.7429867063492063], "samples/f1": [0.7067982324252544, 0.7438919178044178, 0.757933595108595, 0.769044357956858, 0.7802418123543123], "hamming_loss": [0.08714950980392157, 0.07785539215686274, 0.0746029411764706, 0.07201960784313724, 0.06975980392156862], "total_loss": [0.232059699628763, 0.20051527779591022, 0.1913321607313085, 0.18437795800844298, 0.17929999550072712], "report": []}, "validating": {"micro/precision": [0.8395031530862344, 0.8670362487930049, 0.8759874729470509, 0.8807130016347773, 0.8745637086638897], "micro/recall": [0.6665757966627179, 0.6581531471653846, 0.659908528903254, 0.69897724103647, 0.7058282469624324], "micro/f1": [0.7423884118173529, 0.7472395788105644, 0.7521403313960989, 0.7787687451952655, 0.7805470149631646], "macro/precision": [0.2606606954639198, 0.30070868211381313, 0.29005506417595617, 0.3536248829186292, 0.35136537925276057], "macro/recall": [0.20372638962385528, 0.23803729952675698, 0.2270355685813563, 0.2710542934481201, 0.27728547089480277], "macro/f1": [0.21319051389141103, 0.2522553986473571, 0.24245643759709026, 0.2905505574888935, 0.29083269671769724], "samples/precision": [0.8539046906187624, 0.8766621518867027, 0.8831800684345595, 0.886437244558502, 0.8757657304438743], "samples/recall": [0.7036566747457466, 0.7138511667141907, 0.7150695632544436, 0.750559001045528, 0.7579363594240092], "samples/f1": [0.7460474433528326, 0.7594044373235991, 0.7646524549967665, 0.7925864298431665, 0.7944650776424729], "hamming_loss": [0.07785898790653988, 0.0748209463426089, 0.07309645415052249, 0.06677820828930375, 0.06675619349536221], "total_loss": [0.19999410247111923, 0.191665724448197, 0.18623149944526557, 0.17458918368977996, 0.17219240425496501]}}