{"training": {"micro/precision": [0.8562240077999071, 0.8486373865460662, 0.8539860726606231, 0.8596382412559778, 0.864631437879191], "micro/recall": [0.5713315195809975, 0.6457606215502116, 0.6577944419075733, 0.6695968641356498, 0.6816233769892954], "micro/f1": [0.6825149221061025, 0.7320772948500969, 0.7418948586127215, 0.7514897273647132, 0.760903660317942], "macro/precision": [0.171860958878659, 0.26495808151746764, 0.2791410061702967, 0.3005507844034734, 0.31306627851009095], "macro/recall": [0.14279311324693422, 0.20355133652570642, 0.21662433041049095, 0.2310817266522745, 0.24394539005278362], "macro/f1": [0.14459950704365562, 0.21531374296922826, 0.22928565242208343, 0.2457438062029837, 0.25862949434580845], "samples/precision": [0.8465205753905154, 0.8556200074565891, 0.8612658948303626, 0.8672471304030525, 0.8698492023829355], "samples/recall": [0.6273676653736624, 0.6946047809428618, 0.7066598149338029, 0.7185372591482037, 0.7290704350205849], "samples/f1": [0.6899185931232408, 0.7396697681055502, 0.7502791697631778, 0.7608939968447714, 0.7700596352395453], "hamming_loss": [0.09044252383612116, 0.0791858972474547, 0.07669694564482464, 0.07423249159733858, 0.07179743461602532], "total_loss": [0.24490272317474707, 0.2049104878061896, 0.19694303057935916, 0.19125382843203526, 0.18650308019683087], "report": []}, "validating": {"micro/precision": [0.8522628422198706, 0.8326296989806291, 0.8673698800408345, 0.849853283383284, 0.8955995271373904], "micro/recall": [0.6390320417407228, 0.6735826764732532, 0.6687709085816504, 0.7008060579266812, 0.651315460895495], "micro/f1": [0.7292074344308338, 0.7437962141538712, 0.7541200317575902, 0.7672597060915851, 0.7531600199557239], "macro/precision": [0.2397338714280878, 0.24167589583277876, 0.31122036802823705, 0.28624857617060573, 0.3202554213410054], "macro/recall": [0.18364319986158006, 0.1976096385074147, 0.23991135583977205, 0.238329659477548, 0.23028558446397943], "macro/f1": [0.19361851137410552, 0.20413681353428695, 0.2561494521527839, 0.2487462552365951, 0.24779754257820405], "samples/precision": [0.8594440292310248, 0.8403198922817756, 0.8766335682254964, 0.8631373525992361, 0.8918535127055307], "samples/recall": [0.6835660011388711, 0.6989014639238853, 0.7253962322347971, 0.7393398403207821, 0.7158607077609319], "samples/f1": [0.7335018991969665, 0.7400828300305132, 0.7677472620110886, 0.7751398051099098, 0.7691097531157323], "hamming_loss": [0.07975761306017178, 0.07799906210615787, 0.07333157478237931, 0.07152906005451509, 0.07178551540197543], "total_loss": [0.2061960278707271, 0.1981150639804334, 0.1882412637276496, 0.18398535024798898, 0.18301529281257722]}}