{"training": {"micro/precision": [0.8390212342107358, 0.8508384936822858, 0.8588549912285259, 0.865612329061028, 0.8717292284047231], "micro/recall": [0.6246095177496908, 0.6784988217064339, 0.7027545955496316, 0.7190915305429582, 0.7336049957468298], "micro/f1": [0.7132166220235309, 0.7535039472017292, 0.7717769746506903, 0.7841503535522356, 0.795479719215317], "macro/precision": [0.23215436823433777, 0.30434836741080484, 0.3314463197742837, 0.34578794684672065, 0.36128704604516454], "macro/recall": [0.18986487365081084, 0.23915537320140237, 0.26199950031196145, 0.27825768151051256, 0.2939531635842298], "macro/f1": [0.1941986543154322, 0.251289870613063, 0.27575217708724226, 0.29117003961578175, 0.3074239889180021], "samples/precision": [0.8405140743721453, 0.8572909973584636, 0.8661228909354847, 0.8733743247423906, 0.8809804423185231], "samples/recall": [0.6718206868787827, 0.7228642623132877, 0.7439332417124771, 0.7589961963462712, 0.7729155263638023], "samples/f1": [0.7190645288460352, 0.7617998048095499, 0.7801562810558313, 0.7931357941852696, 0.8056456671024388], "hamming_loss": [0.08522454459044987, 0.07442112277194736, 0.069644099518868, 0.06633203006339966, 0.0632036922715113], "total_loss": [0.22247355093852636, 0.19046010379869321, 0.17930182970273909, 0.17115165888221096, 0.16368843554964901], "report": []}, "validating": {"micro/precision": [0.8798938459352651, 0.8778340165379144, 0.864767606849396, 0.903150947510547, 0.8828893878440948], "micro/recall": [0.6286700674718786, 0.6797407162499455, 0.7242290804349957, 0.6862444139418433, 0.7253006819021264], "micro/f1": [0.7322856531358434, 0.7653420319259576, 0.7875724404025356, 0.7792477397508691, 0.7955723561825975], "macro/precision": [0.2379772215638537, 0.32445251152782667, 0.34172007013689887, 0.35925449336083715, 0.35425334491436195], "macro/recall": [0.17359439842395855, 0.24355333340096993, 0.27982985823221396, 0.2781114016953295, 0.2896724988052093], "macro/f1": [0.18906305302974946, 0.262229877943536, 0.2940074557911626, 0.29262777254053723, 0.3037962324746051], "samples/precision": [0.8760982394951006, 0.8817534462713833, 0.8743137115334425, 0.9048499893230835, 0.8880166441265096], "samples/recall": [0.66698208057513, 0.7256535162645029, 0.7638992692243814, 0.7538623745462312, 0.7764330794599853], "samples/f1": [0.7288023441984578, 0.7752506517454201, 0.7987189891711566, 0.8008224640885329, 0.8121952439964398], "hamming_loss": [0.077171077698643, 0.07011489199566225, 0.06567455083677716, 0.06540344089803335, 0.06272897798880388], "total_loss": [0.19124238072751837, 0.18543777407055187, 0.1693366096546735, 0.16977082810088784, 0.160463391827105]}}