{"training": {"micro/precision": [0.8434681913668901, 0.8501662216500168, 0.8578695491029261, 0.8646555043079438, 0.8703146257848352], "micro/recall": [0.6212757270166609, 0.6675206366769324, 0.6952860058486799, 0.7150483165082082, 0.7284201469596698], "micro/f1": [0.7115971807882158, 0.7449714136144594, 0.7654066606471787, 0.7803931845700555, 0.7906243903360717], "macro/precision": [0.19817923475791416, 0.24744159633131202, 0.27009928114191056, 0.2866337763195874, 0.29796091249594425], "macro/recall": [0.17316982350565024, 0.21305178165393954, 0.23567333225289286, 0.25140124930159785, 0.26259558060930743], "macro/f1": [0.17529546672590363, 0.2176461151085458, 0.24015467962371312, 0.25615653505953906, 0.26732141038699775], "samples/precision": [0.8410791983944448, 0.8524303904318054, 0.8631653826643839, 0.8689289776329973, 0.8760074860503456], "samples/recall": [0.6653975255215268, 0.7083795019339294, 0.7336699380984086, 0.7507679245133473, 0.7637421929490836], "samples/f1": [0.7153028680429646, 0.7501060694927207, 0.7722124623693365, 0.7867318750287292, 0.7978610562207432], "hamming_loss": [0.08437034933813739, 0.07643974700399467, 0.07127506461972273, 0.06734403148742853, 0.06458300697109735], "total_loss": [0.2193834316602369, 0.1933765880384885, 0.1818552504043587, 0.17266557793081053, 0.16605690103008408], "report": []}, "validating": {"micro/precision": [0.8836882424174987, 0.8804614413610933, 0.8893301509794492, 0.7631949210161831, 0.885415243480856], "micro/recall": [0.616535053907912, 0.6800757703537267, 0.6910324797863586, 0.759802804710275, 0.7169583467796432], "micro/f1": [0.7239029845939828, 0.7652321594053216, 0.7757772858237654, 0.7600282710613847, 0.7905338650567921], "macro/precision": [0.22961170412638077, 0.28300559239484513, 0.2810134457792627, 0.2552940914579904, 0.30963281284004], "macro/recall": [0.18429658300872193, 0.23662336490806846, 0.2350901865841639, 0.2682378279019023, 0.25698834455997366], "macro/f1": [0.19288249122858833, 0.24607044363244784, 0.2449203904874552, 0.24546744766415202, 0.2684167178027183], "samples/precision": [0.8762715374420146, 0.8817484971125626, 0.886619568304459, 0.783717930512165, 0.8916382656442298], "samples/recall": [0.6833944251159707, 0.7353290968474864, 0.7405155377260247, 0.7631928666098645, 0.7541474368077251], "samples/f1": [0.740578575251786, 0.7769489043097393, 0.7872377753404096, 0.7592161407457133, 0.7976674212136439], "hamming_loss": [0.07890889954391299, 0.07026225002923635, 0.06714857911355397, 0.08064846216816746, 0.06380101742486259], "total_loss": [0.1961440357331547, 0.1776367256321584, 0.180273931675119, 0.19644293777316688, 0.16987831133435893]}}