{"training": {"micro/precision": [0.8532610866998008, 0.8551795742519709, 0.850341524346782, 0.8521308422430421, 0.855414397705078], "micro/recall": [0.5509385240893633, 0.6214909938956961, 0.6496647069075752, 0.6575756608087683, 0.6648533172382715], "micro/f1": [0.6661609361897015, 0.7183998820195518, 0.7353953923380002, 0.7410019909578215, 0.7469005138322031], "macro/precision": [0.14829530306722258, 0.24247968912027312, 0.2693855206516222, 0.2781102009374543, 0.29296966828790827], "macro/recall": [0.12605137824788662, 0.18307138255355046, 0.2064200246542968, 0.21489835168760596, 0.2250368355686842], "macro/f1": [0.1257264777750061, 0.19366654938909567, 0.2195518834704963, 0.228551582356037, 0.24002924923988142], "samples/precision": [0.8412255116059464, 0.8539639902271087, 0.8583557427635389, 0.8599786416315652, 0.8647805065721108], "samples/recall": [0.6038914570492532, 0.6727313426620023, 0.6993005977170145, 0.706383712905452, 0.7145168982968834], "samples/f1": [0.6704086817498861, 0.7247216815057895, 0.7438127473984546, 0.7493475415139583, 0.7568307282700087], "hamming_loss": [0.09639542973611233, 0.08159400691810956, 0.07830398526227082, 0.07700071532861019, 0.0754990151982832], "total_loss": [0.2655124324946129, 0.21472601359658078, 0.20340354166635294, 0.19875004295705126, 0.19465950761298442], "report": []}, "validating": {"micro/precision": [0.8916532717481997, 0.8581762407287817, 0.8758121426511536, 0.848280180260457, 0.8604313871306754], "micro/recall": [0.5712675525853769, 0.6522613337164498, 0.6420946004057274, 0.6645814761262765, 0.6723703923690685], "micro/f1": [0.6953721388436203, 0.7402766289991622, 0.7400135204624764, 0.7441913820237752, 0.7539922964889382], "macro/precision": [0.1864919274839927, 0.2562788776916447, 0.26711491230011886, 0.2919497488750966, 0.281316938219389], "macro/recall": [0.14658929939746285, 0.19980966473276995, 0.19670676136263168, 0.2165866309195212, 0.2321240401008527], "macro/f1": [0.15326626371249794, 0.2121708773645976, 0.21397903319676395, 0.23080969533847517, 0.2412597235801869], "samples/precision": [0.8743045175220062, 0.8738789237668162, 0.88384612190666, 0.8547452962251169, 0.8702582627470519], "samples/recall": [0.6354911085011982, 0.702740853441526, 0.6937489619664505, 0.7129416091299501, 0.7246491446603555], "samples/f1": [0.7064580785432801, 0.7528774379858086, 0.7494166749211593, 0.7552237913224461, 0.7673595608012648], "hamming_loss": [0.08412468126263958, 0.0768706585773323, 0.0758375098918491, 0.07680471291655679, 0.07381517629473314], "total_loss": [0.21907892246450267, 0.20245795331961985, 0.19559877395660882, 0.19637255261628936, 0.18939082182328187]}}