{"training": {"micro/precision": [0.8441588023497764, 0.848905478622691, 0.8548353283754198, 0.8593081722280084, 0.8651522275491198], "micro/recall": [0.6164384870838943, 0.665258873736385, 0.688114781064496, 0.7059417015971046, 0.7192271540116021], "micro/f1": [0.7092515373796894, 0.7438882637619358, 0.7605729003005796, 0.7733112511025628, 0.783585626563832], "macro/precision": [0.20844357696708074, 0.26654636572531787, 0.295586829843079, 0.3082794599037786, 0.32207222701515037], "macro/recall": [0.1760596695339653, 0.21945641647179895, 0.24161974570352074, 0.2561150971888847, 0.26872346208035897], "macro/f1": [0.17981529936516794, 0.22701324527220457, 0.25158900341111307, 0.26571936290762094, 0.27824363702582106], "samples/precision": [0.8425030822352251, 0.8532065652601366, 0.8601831700045987, 0.8655654861012002, 0.8723603777175206], "samples/recall": [0.6637977597799025, 0.7091004729397586, 0.7298516463695035, 0.7448034604284605, 0.758348001205144], "samples/f1": [0.7145497807960346, 0.750488512301699, 0.7682519156482692, 0.7811561475210327, 0.7927302306048559], "hamming_loss": [0.08480245244951126, 0.07664639282286341, 0.07255979314802845, 0.06934242228359874, 0.06649967679379444], "total_loss": [0.22073147839521953, 0.19529454444265532, 0.18526253786128466, 0.17712189758311347, 0.17071201704641706], "report": []}, "validating": {"micro/precision": [0.8352352836137901, 0.7846484617939534, 0.889709756754812, 0.8741406187624212, 0.8710172531893803], "micro/recall": [0.6733375879496312, 0.7063634037183141, 0.6968123040435371, 0.7190736514403885, 0.7263310801948653], "micro/f1": [0.7441579220471571, 0.7423141398692884, 0.7800598153711309, 0.7878977555273915, 0.7907943719953926], "macro/precision": [0.23499374971957537, 0.2377308862331431, 0.31171028467590295, 0.29899988303898084, 0.33073097436235105], "macro/recall": [0.20186275261829018, 0.2249015719773367, 0.2504566087431114, 0.25539627899843265, 0.2804709171771775], "macro/f1": [0.20727649324809186, 0.2164590268728588, 0.26565208167853566, 0.2640584387790218, 0.29060869065693656], "samples/precision": [0.8479225894337835, 0.8051679104477614, 0.8917253020611229, 0.8760758706467662, 0.8782872838190002], "samples/recall": [0.6987420042643923, 0.7225007403458896, 0.7433989279791519, 0.748476516228382, 0.7675300580431177], "samples/f1": [0.7419255419815121, 0.7447121659435091, 0.7906524411188589, 0.789996732813897, 0.800329208519507], "hamming_loss": [0.07775826748609892, 0.08246268656716418, 0.06600819432250514, 0.06503511852502195, 0.06466930055604331], "total_loss": [0.1987826308823869, 0.19628664331335371, 0.1727728413355386, 0.16612810782142592, 0.1650748220234373]}}