{"training": {"micro/precision": [0.852129425098271, 0.8606124775740965, 0.8491731569550616, 0.8550055520676886, 0.8583454198932081], "micro/recall": [0.5557379490083809, 0.6092226756737542, 0.6477104139273057, 0.6577226511252725, 0.6657026407532805], "micro/f1": [0.6659749735320207, 0.7118600165946453, 0.733390472186592, 0.7420882360676805, 0.7485723418858794], "macro/precision": [0.14874701313057254, 0.2344571271743572, 0.27034161348280966, 0.2849523786163023, 0.29522316473107857], "macro/recall": [0.12956290525110012, 0.17490858143200852, 0.20699465436563969, 0.21760032677632835, 0.22525926643053515], "macro/f1": [0.12714545003129027, 0.1851279907073838, 0.2190831463277261, 0.23120281478193913, 0.24001353503318737], "samples/precision": [0.8399845712064602, 0.8589211346707598, 0.8587927266525467, 0.8643151638466482, 0.8659826832615438], "samples/recall": [0.6135720334277305, 0.6662685522318206, 0.6984749192863886, 0.7077987296034522, 0.7144289462411652], "samples/f1": [0.6730996295151718, 0.7214602768638251, 0.7426996268950292, 0.7515587546072304, 0.7576002976052951], "hamming_loss": [0.09691722766067945, 0.08252981352461025, 0.07885518025301075, 0.07660385493527747, 0.07488902607519769], "total_loss": [0.2628981219137919, 0.21599221049464723, 0.20365501942434674, 0.19714273016684794, 0.19285441761817448], "report": []}, "validating": {"micro/precision": [0.878411686773579, 0.854568048352967, 0.8350933182321456, 0.8813450080727517, 0.8806777080251851], "micro/recall": [0.5645065530421668, 0.6510354435863002, 0.6734198942236144, 0.638662754614722, 0.6625916108370671], "micro/f1": [0.6861451961074166, 0.7379993038802727, 0.7447388052099518, 0.7395269376462574, 0.7552182100232782], "macro/precision": [0.190262768516247, 0.26367603774956466, 0.2494973110649246, 0.2719271649713804, 0.2898952430355364], "macro/recall": [0.15547923988817128, 0.21057023205602093, 0.2021298620457307, 0.1968436902629746, 0.21588149228045694], "macro/f1": [0.15929082645686635, 0.2226042915051328, 0.21065365336790381, 0.21349507443877627, 0.23292155517141444], "samples/precision": [0.8540628633117422, 0.8707749068735616, 0.8479111799179065, 0.8879172894867963, 0.887198970270719], "samples/recall": [0.6383169324032553, 0.7054336607587729, 0.7037652442641233, 0.6932312798063919, 0.7144770090397893], "samples/f1": [0.7013424514919283, 0.7515563949420452, 0.7453124741615027, 0.7493373709554578, 0.7668362529349078], "hamming_loss": [0.08674785310237698, 0.07766933380228025, 0.07758873355022128, 0.0756250183182391, 0.07222515314047892], "total_loss": [0.22226563318517015, 0.20279331362184347, 0.19682109021746963, 0.19288422555475912, 0.18568745507697473]}}