{"training": {"micro/precision": [0.8594238947497753, 0.8660237376157155, 0.8479949284690855, 0.8511635999259728, 0.855459093680678], "micro/recall": [0.5442444756836001, 0.5937867122923118, 0.6432369330274101, 0.6556884070194527, 0.6619954015195445], "micro/f1": [0.6641033331435209, 0.702969707834543, 0.7302184331370107, 0.7394335378786628, 0.7451640153633132], "macro/precision": [0.14222602722959904, 0.22055723337552913, 0.2703733618668582, 0.2780623454654573, 0.2869846611958651], "macro/recall": [0.12290290400058224, 0.16238828455845283, 0.2030463465017404, 0.2135394372532677, 0.22081396183545265], "macro/f1": [0.12178525283005626, 0.1720823270782649, 0.2165769905322094, 0.2268613045377021, 0.2344865968009219], "samples/precision": [0.8456737900890824, 0.8594385347009036, 0.8577438463308029, 0.8599303522841755, 0.8644851185518352], "samples/recall": [0.6005883962780515, 0.6533812954633794, 0.6927776687053298, 0.7040598748244925, 0.7113710010074328], "samples/f1": [0.6697334383553774, 0.7122631641684615, 0.7380756353332565, 0.747303728394433, 0.7542382081612466], "hamming_loss": [0.09366150258204232, 0.08400211658876444, 0.07965380055070503, 0.07743922156568775, 0.07584198097029916], "total_loss": [0.267450659686456, 0.21857855839359466, 0.20588319858354115, 0.19988861247063786, 0.19571393332040996], "report": []}, "validating": {"micro/precision": [0.8858211534690537, 0.8628767196430601, 0.8634610505083821, 0.8646357332157785, 0.844750817740473], "micro/recall": [0.5494486354443674, 0.6271996171145907, 0.6476919648737188, 0.6594955328674709, 0.6803546814053332], "micro/f1": [0.6770800477486802, 0.7252479034261776, 0.7391585391362059, 0.7470986412033288, 0.7527698539296579], "macro/precision": [0.13358257424101208, 0.25127008916401233, 0.27831159896504115, 0.2748810209839722, 0.2642853482172357], "macro/recall": [0.11800554167209036, 0.1779467744322735, 0.20805960340648083, 0.2092201895525469, 0.21700168731128638], "macro/f1": [0.11756635014171297, 0.19260415501935446, 0.2252809164999106, 0.22454324471530743, 0.22754351523075697], "samples/precision": [0.8694880418535126, 0.871571523477353, 0.8767427100386743, 0.8768432510024438, 0.8619187012124231], "samples/recall": [0.6084507794149049, 0.6750956473770375, 0.7007590991055117, 0.7086813711533443, 0.7167808503570836], "samples/f1": [0.6831244414390902, 0.7313370824768431, 0.7473897455586542, 0.7553650025996812, 0.7567625932723092], "hamming_loss": [0.0880374571353205, 0.0799261408599314, 0.07684134939476538, 0.07499487089305079, 0.07512676221460182], "total_loss": [0.22266268441409204, 0.2047669177597995, 0.19663190291287502, 0.19213872949472677, 0.190557580066279]}}