{"training": {"micro/precision": [0.7527351362498182, 0.7958274005826247, 0.8102170535830706, 0.8149158949350725, 0.8154447936466175], "micro/recall": [0.5661149271942011, 0.5725457992156364, 0.5745762150632564, 0.5741175935028566, 0.5741083958254485], "micro/f1": [0.6368956719383967, 0.6625491078670941, 0.67119766056957, 0.6728093374467747, 0.673009630929291], "macro/precision": [0.10753774206732908, 0.10007298726541797, 0.09820586595118867, 0.09659664613198875, 0.09598632056520759], "macro/recall": [0.1348980050543572, 0.12323364424524266, 0.11866537412679914, 0.11775583805055877, 0.1176544080900726], "macro/f1": [0.11192771172076234, 0.1074872617657656, 0.10600646087551152, 0.10519351048088957, 0.1050445734340621], "samples/precision": [0.7609111558199513, 0.7980120885324534, 0.8110937586762175, 0.8150889832861345, 0.8154533844189016], "samples/recall": [0.6072328914907625, 0.6197422122272197, 0.6245500265740146, 0.6247467536073232, 0.6247893910187763], "samples/f1": [0.6470863033038505, 0.675570389038655, 0.6855635794416405, 0.6877543371171557, 0.6879547990554987], "hamming_loss": [0.11576319683295606, 0.09941842804088152, 0.0944601228797366, 0.09360270844969672, 0.09352921578426474], "total_loss": [2.769719260826505, 0.2825738629044771, 0.2640338078760608, 0.25993576832334664, 0.25866543439930817], "report": []}, "validating": {"micro/precision": [0.8152715495764823, 0.8148355754857997, 0.8148355754857998, 0.8152092675635276, 0.8154583956153463], "micro/recall": [0.5720273363211256, 0.5721777886642385, 0.5724714427531012, 0.5727029481687379, 0.5724688735219922], "micro/f1": [0.6716072621771461, 0.6714844745061347, 0.6716710538848464, 0.6718616661713597, 0.6719183807004195], "macro/precision": [0.09591429995017438, 0.0958630088806823, 0.0958630088806823, 0.09590697265453264, 0.09593628183709955], "macro/recall": [0.11764705882352941, 0.11764705882352941, 0.11764705882352941, 0.11764705882352941, 0.11764705882352941], "macro/f1": [0.10501776652972102, 0.10497791106564842, 0.10497019613232064, 0.10501855034985945, 0.1050362680664544], "samples/precision": [0.8152715495764823, 0.8148355754857997, 0.8148355754857998, 0.8152092675635276, 0.8154583956153463], "samples/recall": [0.6235399316677342, 0.6232350463852708, 0.6231727643723157, 0.6235630649868318, 0.6237018649014165], "samples/f1": [0.6870416834729243, 0.6866646301437035, 0.6866314130701276, 0.687002732499743, 0.6872095483268876], "hamming_loss": [0.09398722119640084, 0.09408980333538498, 0.09409713063102672, 0.09400920308332601, 0.09393593012690876], "total_loss": [0.2538407174915684, 0.26181837408278774, 0.258729630060096, 0.26038860522289475, 0.255937347044302]}}