{"training": {"accuracy": [0.7269121576486306, 0.7796426185704743, 0.8071142284569138, 0.8217685370741483], "total_loss": [0.3610075585887523, 0.295485276079369, 0.26278394176988656, 0.2397196440395707]}, "validating": {"accuracy": [0.7694610778443114, 0.8102544910179641, 0.8156187624750498, 0.8293413173652695], "total_loss": [0.3058686364375189, 0.26530686529453645, 0.24076774203313325, 0.2219647875356817]}}