{"training": {"micro/precision": [0.864231914312277, 0.851882340108531, 0.8544446702336667, 0.8540397011222098, 0.8532008760912845], "micro/recall": [0.5684518574292439, 0.6164712193058905, 0.6210774030363563, 0.6246754733653231, 0.6296962570564733], "micro/f1": [0.6836716613080157, 0.7141008538337689, 0.7183986626505815, 0.7203697025611493, 0.7235221786320618], "macro/precision": [0.15062610659573528, 0.2100035067061655, 0.22053462286285788, 0.2275536214306227, 0.2389744891236563], "macro/recall": [0.1421513493787814, 0.17746481845823817, 0.18444286833303244, 0.18839157128512704, 0.19331061007343475], "macro/f1": [0.13926245872120935, 0.18180845686248484, 0.19039043768724417, 0.19538323123231877, 0.2008261138830669], "samples/precision": [0.8564622023809524, 0.8591048611111111, 0.8605173611111111, 0.8604534722222222, 0.8613298611111111], "samples/recall": [0.6277831349206349, 0.6691530753968253, 0.673403125, 0.6762132936507936, 0.6801826884920634], "samples/f1": [0.6941991311928811, 0.7248960798460798, 0.7287196488696488, 0.7310367063492063, 0.734268731962482], "hamming_loss": [0.08888970588235293, 0.08273529411764706, 0.08166421568627451, 0.08126225490196078, 0.08065196078431373], "total_loss": [0.2371406883614749, 0.212035012444083, 0.20866280808856097, 0.20725258817228284, 0.20542804306177778], "report": []}, "validating": {"micro/precision": [0.8552757980422395, 0.8457281944576519, 0.8661966203852812, 0.8571963191085546, 0.864530622241835], "micro/recall": [0.6239823184867129, 0.6221583071493842, 0.6145656554030735, 0.6251713649702597, 0.6259064581519271], "micro/f1": [0.7208509281582807, 0.716201373502152, 0.7182092903437961, 0.7221054065840381, 0.7253146485524639], "macro/precision": [0.21001044805643346, 0.19240048205635954, 0.2380401775700702, 0.24251600498454187, 0.22918543622499082], "macro/recall": [0.18276894084061565, 0.16159106155451977, 0.18490647791276218, 0.18945010926375622, 0.17815885260157094], "macro/f1": [0.18892837791441514, 0.16762851387104127, 0.19598337670983104, 0.2013580991866972, 0.1886316183599695], "samples/precision": [0.8676813040585497, 0.854218646041251, 0.8753534597471723, 0.871795991350632, 0.8727898369926813], "samples/recall": [0.6757865221937079, 0.6599387534454899, 0.6721334117479327, 0.6791761714665907, 0.6764557195133543], "samples/f1": [0.7322880213598777, 0.7169381925182824, 0.7313481622613359, 0.7348999871829213, 0.7353696827124971], "hamming_loss": [0.081278619232124, 0.08290771398379711, 0.08108048608665024, 0.08082364682399905, 0.07970089233298108], "total_loss": [0.2116040857361183, 0.20826824073229433, 0.20570253940714098, 0.20414815171640677, 0.20205638780843627]}}