{"training": {"micro/precision": [0.8028265088371591, 0.8153200200534759, 0.8155289104278075, 0.8155915775401069], "micro/recall": [0.5697913436910641, 0.5726036632107554, 0.5727056899958312, 0.5724215439109542], "micro/f1": [0.6644969229372891, 0.6724898964810496, 0.6726189584544748, 0.672497291971012], "macro/precision": [0.09790551574909029, 0.09592000235923247, 0.09594457769738912, 0.09595195029883612], "macro/recall": [0.12056760537275317, 0.11764705882352941, 0.11764705882352941, 0.11764705882352941], "macro/f1": [0.10635074320918943, 0.10513442082627467, 0.10514977554268151, 0.10515531892275692], "samples/precision": [0.8037441112808761, 0.8153200200534759, 0.8155289104278075, 0.8155915775401069], "samples/recall": [0.62060852750191, 0.6245950510886172, 0.6248590487331296, 0.6248033446333079], "samples/f1": [0.6795588368386664, 0.6878030899859944, 0.6880357209171547, 0.6880222922502335], "hamming_loss": [0.09817847593582887, 0.0935460246932998, 0.09350424661843347, 0.09351653428751178], "total_loss": [0.4914244834892806, 0.3045264069542005, 0.2725757934400925, 0.26233390722506994]}, "validating": {"micro/precision": [0.8158392137096774, 0.8147681451612904, 0.8148941532258065, 0.814453125], "micro/recall": [0.5711065909902823, 0.5702097542055691, 0.5706950991876658, 0.5710997823191098], "micro/f1": [0.6716860779115845, 0.6706705734522852, 0.67101174511236, 0.6712425619839899], "macro/precision": [0.09598108396584441, 0.09585507590132826, 0.09586990037950663, 0.09581801470588233], "macro/recall": [0.11764705882352938, 0.11764705882352938, 0.11764705882352938, 0.11764705882352938], "macro/f1": [0.10517315862227271, 0.10509093270407131, 0.10511646348791973, 0.1050772069192298], "samples/precision": [0.8158392137096774, 0.8147681451612904, 0.8148941532258065, 0.814453125], "samples/recall": [0.6240480390745008, 0.6228701636904763, 0.6231956845238097, 0.6237060171850999], "samples/f1": [0.6875527033730157, 0.6864056299603175, 0.6866456453213005, 0.6868643593189966], "hamming_loss": [0.0938908325426945, 0.09420955882352945, 0.09408355075901328, 0.0939278937381404], "total_loss": [0.3414895245858399, 0.2831311680061081, 0.2670183693892914, 0.2606176757925248]}}