{"training": {"micro/precision": [0.8477909280762911, 0.850016113697946, 0.8555925756809704, 0.8597609261164144, 0.8617832181624633, 0.8641988364538012, 0.8667496847004825, 0.8708198447224127, 0.8726741853863061, 0.8755061898845953], "micro/recall": [0.6064404715583552, 0.6552845190056231, 0.6725858853543657, 0.6893109459338318, 0.7047432470413253, 0.7154269833572056, 0.7214700233121749, 0.7296409428080087, 0.7359076240806712, 0.7419071548419393], "micro/f1": [0.7046837159981937, 0.7388297407690652, 0.7519963710097884, 0.7641180247285454, 0.7742291997617524, 0.7815692283631794, 0.7860386779919423, 0.7928128141656117, 0.7973756098329454, 0.8021833058748016], "macro/precision": [0.22549321461128902, 0.2876089301327047, 0.31139006154503374, 0.33319571987011276, 0.3470543140894599, 0.3639446399566342, 0.3677149449102387, 0.3718282888271968, 0.3785678622267899, 0.38553887021584654], "macro/recall": [0.1730132213353349, 0.2166694249914656, 0.2361521291431951, 0.2526218863062191, 0.26857941713909067, 0.28076857303436836, 0.28820284631112664, 0.2920123611578081, 0.29932075820453813, 0.30609909434653415], "macro/f1": [0.1804762114280053, 0.22956548598301174, 0.2510268601607855, 0.26859071074602964, 0.2841525284115279, 0.2978774046581306, 0.30416536036315744, 0.308730060180379, 0.3159993721189933, 0.32305729579682224], "samples/precision": [0.8457662202380952, 0.8552480158730159, 0.8617004960317459, 0.8662844246031746, 0.8704422619047618, 0.8723755456349206, 0.8759245535714285, 0.8798384424603174, 0.8818018849206348, 0.886007242063492], "samples/recall": [0.6561724206349207, 0.7017112599206348, 0.7183658234126984, 0.7329235615079365, 0.7475474206349206, 0.7562157738095239, 0.7622772321428571, 0.7699250496031745, 0.7748344742063491, 0.7805975694444444], "samples/f1": [0.7096162455599956, 0.7452256153568653, 0.7596631507381507, 0.7725472615347615, 0.7842248344248344, 0.790927013033263, 0.7961982473544974, 0.8030998635623635, 0.8071688702501202, 0.8125728033540534], "hamming_loss": [0.08549754901960785, 0.07755882352941176, 0.07433333333333333, 0.07128676470588234, 0.06884803921568627, 0.06705882352941177, 0.06583823529411766, 0.06391666666666668, 0.06275, 0.06137009803921569], "total_loss": [0.2288507666185912, 0.19906001770249343, 0.19083776456780607, 0.18380794426721433, 0.1776732545059869, 0.17279541141349733, 0.16957292102997645, 0.16491813424762536, 0.16184400547028396, 0.1583423439837868], "report": []}, "validating": {"micro/precision": [0.8709938266864496, 0.8645806592757077, 0.8272405683371649, 0.8731369880802805, 0.8717989598711224, 0.8875702408618785, 0.8673915550238807, 0.8824312710916271, 0.9188876200275631, 0.8741911027790563], "micro/recall": [0.6360326143346162, 0.6608980978057137, 0.7043670655061458, 0.6901343657792426, 0.7133299145057509, 0.7066485347438071, 0.7367638121417099, 0.7299450643396264, 0.6646678170883705, 0.6943128617854634], "micro/f1": [0.7342997319319484, 0.7485067033232763, 0.760340619545905, 0.7701972999025639, 0.7841388316128107, 0.7862309004964713, 0.7961533092598148, 0.7984728133082899, 0.7707711820338957, 0.773185479295907], "macro/precision": [0.27433230737507946, 0.29269019006692215, 0.3236711822713158, 0.3418087675677431, 0.3507928441056612, 0.3642546698496041, 0.38679339346643793, 0.38405169629050173, 0.34613374624662174, 0.37629249032426193], "macro/recall": [0.19641660162368985, 0.2323142801373993, 0.2532856932735399, 0.2763157663003439, 0.27820662506755856, 0.26553848370631855, 0.29353790750884684, 0.30454847597448603, 0.23808877767292508, 0.2858640716590534], "macro/f1": [0.21515315462381115, 0.24556864303148954, 0.2636441939691282, 0.28968656543202087, 0.29238672061708815, 0.29043643415297565, 0.31544450082673653, 0.32262212561359394, 0.25945478645463627, 0.3063484447029052], "samples/precision": [0.8820047405189623, 0.8752530652979755, 0.8392090818363273, 0.8800353162722175, 0.8780759908753919, 0.8883714713430283, 0.8782963834236289, 0.8907993536736052, 0.914462741184298, 0.8741059547571525], "samples/recall": [0.6897279845071761, 0.7172818054367455, 0.7429835269936318, 0.7453909145993727, 0.7592465366885278, 0.7502662829103696, 0.7776619380287044, 0.776420373538637, 0.7282588097614295, 0.7494398108544815], "samples/f1": [0.741707723968203, 0.763221623270276, 0.7696880056348621, 0.7838057117810112, 0.7963489514200592, 0.7941190421355091, 0.8080669739165249, 0.8126794391015948, 0.7884103096116568, 0.7883095308993512], "hamming_loss": [0.07730861805800164, 0.07468151931431255, 0.07469619584360691, 0.06921451215216626, 0.06603704355993895, 0.06462075848303393, 0.06344663613948573, 0.061971644945403324, 0.06653604555594692, 0.06851737701068451], "total_loss": [0.20010225027616554, 0.19026117435475204, 0.18833769694923716, 0.17780876752011915, 0.17122968146035403, 0.16437956169115528, 0.16226836928441873, 0.15845568187014594, 0.17485403814387634, 0.17112190118874843]}}