{"training": {"accuracy": [0.7607916666666666, 0.808, 0.821375, 0.8330833333333334, 0.6327083333333332], "total_loss": [0.3202579126954079, 0.26114978627860547, 0.23808199679851533, 0.21905857643857599, 16.89273093055189]}, "validating": {"accuracy": [0.781094527363184, 0.8131840796019901, 0.8197761194029851, 0.8623134328358207, 0.17898009950248756], "total_loss": [0.27025800153835494, 0.22900831174494615, 0.22206306368557374, 0.17465149948178832, 52.5248760394196]}}