{"training": {"accuracy": [0.7033333333333333, 0.7032083333333333, 0.70325, 0.7034583333333333, 0.703375], "total_loss": [17.581944538116456, 17.587500102639197, 17.58472233223915, 17.572222316384316, 17.581944566130637]}, "validating": {"accuracy": [0.7028606965174129, 0.7033582089552238, 0.7029850746268657, 0.7031094527363183, 0.702860696517413], "total_loss": [17.595356651562362, 17.56633509735563, 17.58706472880805, 17.591210752458714, 17.59535664942727]}}