{"training": {"accuracy": [0.7251666666666667, 0.7909166666666666, 0.8147083333333333, 0.824125, 0.835875, 0.8395, 0.846, 0.8489583333333334, 0.8503333333333333, 0.85425, 0.8583333333333334, 0.8608333333333333, 0.8640416666666666, 0.8654166666666666, 0.865375], "total_loss": [0.3648087800592184, 0.2846990330889821, 0.24855332298576832, 0.23600739523023367, 0.21689701525494456, 0.21128833128884433, 0.20163553549163044, 0.19945089934021235, 0.19784594037383796, 0.18761454308778047, 0.18496592359058558, 0.17921302050352098, 0.17348235445097088, 0.17076488760113717, 0.17247071905247868]}, "validating": {"accuracy": [0.7705223880597015, 0.8298507462686567, 0.8371890547263683, 0.8074626865671641, 0.8450248756218904, 0.8468905472636817, 0.8623134328358207, 0.8555970149253733, 0.8197761194029851, 0.8701492537313433, 0.8694029850746269, 0.8723880597014926, 0.8681592039800996, 0.8723880597014926, 0.8798507462686567], "total_loss": [0.3041635480834477, 0.24236938811060207, 0.2246373262423188, 0.23984352812838197, 0.20626961101791752, 0.18749066391097965, 0.17803613434531795, 0.18418064067390427, 0.2172633985418882, 0.1600057559560484, 0.15468941703994774, 0.1539441258160036, 0.16515724515514588, 0.15417048014255602, 0.14161039837705555]}}