{"training": {"micro/precision": [0.7179583333333333, 0.7873333333333332, 0.7165416666666666, 0.4535, 0.46058333333333334, 0.45641666666666664, 0.452125, 0.45870833333333333, 0.4578333333333333, 0.4612083333333334, 0.455625, 0.45983333333333337, 0.45733333333333337, 0.4556666666666666, 0.46033333333333337, 0.46175, 0.4575, 0.45533333333333337, 0.4595416666666666, 0.4609166666666667, 0.46229166666666666, 0.4583333333333333, 0.4595, 0.4589583333333333, 0.45341666666666663], "micro/recall": [0.7690536738750697, 0.843012436063809, 0.7667406919390043, 0.4855854743083004, 0.49277146460276083, 0.4882536271508811, 0.4839799201561215, 0.49121127922981134, 0.49028862786082467, 0.49410829870294976, 0.4876869090545864, 0.4922435122429805, 0.48974969389877854, 0.48756572098987294, 0.4931726756779961, 0.49439802569665264, 0.48976388505266893, 0.4875623855422482, 0.49211850797943474, 0.4934395214815695, 0.49487285564041855, 0.4906893518453772, 0.49238213521869467, 0.4912856354829568, 0.48549932966182796], "micro/f1": [0.7420807985216957, 0.8136217037670742, 0.7402677104795159, 0.4686445236266768, 0.47577911392766103, 0.47144649366295344, 0.4671620004678897, 0.47402146813164303, 0.4731679938815472, 0.47673019930031363, 0.47076321910376456, 0.4751255854297725, 0.4726204383600776, 0.4706952984688871, 0.4758287660574383, 0.4771654778738175, 0.4727149781594678, 0.47055143512411973, 0.4749494564825465, 0.47625915293971305, 0.4776732532831209, 0.4735847795994314, 0.4750275350420041, 0.4741994148281736, 0.4685832088623888], "macro/precision": [0.3751217765012068, 0.648741906296069, 0.5778156138982613, 0.291163477005737, 0.29410408884344647, 0.293704738802649, 0.291176615481182, 0.29467627446942457, 0.29417103834418074, 0.2943120299391585, 0.2914202356538657, 0.2952406973530426, 0.2936291546774519, 0.29344482562214763, 0.29581388246399853, 0.29429100881775033, 0.2931829198092356, 0.2923642914132078, 0.2950934704786098, 0.2960295498089229, 0.29607096749426465, 0.2935803143536889, 0.2947487142372591, 0.2927688710455351, 0.29131865968568754], "macro/recall": [0.4319356014513522, 0.62633895597723, 0.574233396349068, 0.3271916011825404, 0.331435256477742, 0.33047511673526614, 0.330021520712677, 0.3336436191633879, 0.3303460215495432, 0.334276563420215, 0.32806156902965017, 0.3348747443245273, 0.33044504454094237, 0.3299183784154927, 0.33648638961028754, 0.3323377696271861, 0.3301015850707027, 0.32884319006412494, 0.3320889140694834, 0.3340467583406707, 0.33419184704041516, 0.33035185436170594, 0.3331263620352242, 0.32771946028077403, 0.32889224780817866], "macro/f1": [0.3826369902644721, 0.5978553480170896, 0.5424991880681187, 0.2779882754489204, 0.28182990520054624, 0.280306207950608, 0.27850912318905696, 0.28222139423659676, 0.28082007542991605, 0.28303418294932303, 0.2790181854455686, 0.28261617893844115, 0.2808880712176375, 0.27982266378962184, 0.28350734258049204, 0.28257227028793785, 0.28017030758739453, 0.27904283251748574, 0.2821075705161297, 0.2833770944014917, 0.28346172551813653, 0.28053488776675395, 0.28223303035930997, 0.2804599930552802, 0.27847895453988425], "samples/precision": [0.7179583333333333, 0.7873333333333332, 0.7165416666666666, 0.4535, 0.46058333333333334, 0.45641666666666664, 0.452125, 0.45870833333333333, 0.4578333333333333, 0.4612083333333334, 0.455625, 0.45983333333333337, 0.45733333333333337, 0.4556666666666666, 0.46033333333333337, 0.46175, 0.4575, 0.45533333333333337, 0.4595416666666666, 0.4609166666666667, 0.46229166666666666, 0.4583333333333333, 0.4595, 0.4589583333333333, 0.45341666666666663], "samples/recall": [0.7179583333333333, 0.7873333333333332, 0.7165416666666666, 0.4535, 0.46058333333333334, 0.45641666666666664, 0.452125, 0.45870833333333333, 0.4578333333333333, 0.4612083333333334, 0.455625, 0.45983333333333337, 0.45733333333333337, 0.4556666666666666, 0.46033333333333337, 0.46175, 0.4575, 0.45533333333333337, 0.4595416666666666, 0.4609166666666667, 0.46229166666666666, 0.4583333333333333, 0.4595, 0.4589583333333333, 0.45341666666666663], "samples/f1": [0.7179583333333333, 0.7873333333333332, 0.7165416666666666, 0.4535, 0.46058333333333334, 0.45641666666666664, 0.452125, 0.45870833333333333, 0.4578333333333333, 0.4612083333333334, 0.455625, 0.45983333333333337, 0.45733333333333337, 0.4556666666666666, 0.46033333333333337, 0.46175, 0.4575, 0.45533333333333337, 0.4595416666666666, 0.4609166666666667, 0.46229166666666666, 0.4583333333333333, 0.4595, 0.4589583333333333, 0.45341666666666663], "hamming_loss": [0.16605555555555554, 0.11981944444444444, 0.1670416666666667, 0.342375, 0.33768055555555554, 0.34044444444444444, 0.34331944444444445, 0.3388888888888889, 0.3394583333333333, 0.33723611111111107, 0.34093055555555557, 0.3381666666666666, 0.33981944444444445, 0.34091666666666665, 0.3378055555555555, 0.336875, 0.33970833333333333, 0.341125, 0.33833333333333326, 0.33743055555555557, 0.33655555555555555, 0.3391111111111111, 0.3383333333333334, 0.33875, 0.34238888888888885], "total_loss": [0.3629758014678955, 0.28546492121368644, 9.620682635992765, 34.23750006580353, 33.768055602073666, 34.044444478988645, 34.33194449615478, 33.88888895606995, 33.94583337020874, 33.72361110401154, 34.09305558204651, 33.81666673755646, 33.981944437026975, 34.09166668891907, 33.78055558872223, 33.68750002288818, 33.970833357810974, 34.11250004291534, 33.83333334445953, 33.743055605888365, 33.65555558776855, 33.911111127853395, 33.83333338737488, 33.87500004482269, 34.23888892555237]}, "validating": {"micro/precision": [0.5833333333333334, 0.8333333333333334, 0.625, 0.8333333333333334, 0.6666666666666666, 0.7083333333333334, 0.8333333333333334, 0.75, 0.7083333333333334, 0.5833333333333334, 0.6666666666666666, 0.625, 0.5, 0.625, 0.7916666666666666, 0.75, 0.7916666666666666, 0.5416666666666666, 0.5833333333333334, 0.625, 0.7083333333333334, 0.7916666666666666, 0.9166666666666666, 0.6666666666666666, 0.625], "micro/recall": [0.6666666666666666, 0.8695652173913043, 0.6818181818181818, 0.8695652173913043, 0.6666666666666666, 0.7727272727272727, 0.9090909090909091, 0.75, 0.7727272727272727, 0.6666666666666666, 0.6666666666666666, 0.7142857142857143, 0.5454545454545454, 0.7142857142857143, 0.8260869565217391, 0.8181818181818182, 0.8260869565217391, 0.5909090909090909, 0.6363636363636364, 0.6521739130434783, 0.7727272727272727, 0.8260869565217391, 0.9166666666666666, 0.6666666666666666, 0.6818181818181818], "micro/f1": [0.6222222222222222, 0.851063829787234, 0.6521739130434783, 0.851063829787234, 0.6666666666666666, 0.7391304347826088, 0.8695652173913043, 0.75, 0.7391304347826088, 0.6222222222222222, 0.6666666666666666, 0.6666666666666666, 0.5217391304347826, 0.6666666666666666, 0.8085106382978724, 0.7826086956521738, 0.8085106382978724, 0.5652173913043478, 0.6086956521739131, 0.6382978723404256, 0.7391304347826088, 0.8085106382978724, 0.9166666666666666, 0.6666666666666666, 0.6521739130434783], "macro/precision": [0.32156862745098036, 0.5882352941176471, 0.20833333333333334, 0.2777777777777778, 0.2222222222222222, 0.23611111111111113, 0.2777777777777778, 0.25, 0.23611111111111113, 0.19444444444444445, 0.2222222222222222, 0.20833333333333334, 0.16666666666666666, 0.20833333333333334, 0.2638888888888889, 0.25, 0.2638888888888889, 0.18055555555555555, 0.19444444444444445, 0.20833333333333334, 0.23611111111111113, 0.2638888888888889, 0.3055555555555555, 0.2222222222222222, 0.20833333333333334], "macro/recall": [0.338235294117647, 0.5925925925925926, 0.3333333333333333, 0.3333333333333333, 0.3333333333333333, 0.3333333333333333, 0.3333333333333333, 0.3333333333333333, 0.3333333333333333, 0.3333333333333333, 0.3333333333333333, 0.3333333333333333, 0.3333333333333333, 0.3333333333333333, 0.3333333333333333, 0.3333333333333333, 0.3333333333333333, 0.3333333333333333, 0.3333333333333333, 0.3333333333333333, 0.3333333333333333, 0.3333333333333333, 0.3333333333333333, 0.3333333333333333, 0.3333333333333333],