{"training": {"micro/precision": [0.8393628446158603, 0.8512629373996334, 0.8627283030559885, 0.8695842333905719, 0.8730802703993076, 0.8776915138145226, 0.8806626313803881, 0.8823320588567222, 0.8862819541374718, 0.8850751543536923, 0.8888211760006486, 0.8892100472465521, 0.8913473592658521, 0.8917795745586908, 0.8924089891426732, 0.8933016656728149, 0.8947965741676388, 0.8958129651890163, 0.8966472353978889, 0.8953679119528516, 0.8958610431092425, 0.897661038369064, 0.8978178288318168, 0.8983814362415574, 0.899321021871866], "micro/recall": [0.6306741745227809, 0.67404476876778, 0.7022917848890863, 0.7212597556362099, 0.73243683314246, 0.7401283703597396, 0.7502058898884408, 0.75084102754836, 0.7569730978519406, 0.7619133194002419, 0.7654981941057043, 0.7674935750769611, 0.7718975450050838, 0.7734673828161072, 0.7791521704042303, 0.7796459303470726, 0.7819706606333416, 0.7833197307160715, 0.7870626639168163, 0.7870816349797165, 0.7901161261157408, 0.793563778966396, 0.7927695241462357, 0.7944876345440482, 0.7964849182169953], "micro/f1": [0.7169994620551798, 0.7503287626086905, 0.7724284528208781, 0.7868928333656268, 0.7949099070019289, 0.8013897143419055, 0.808721427994135, 0.8097238710997678, 0.8149771524544631, 0.8174660720922485, 0.8210906400240717, 0.8224525570962413, 0.8260171668249796, 0.8270835223112251, 0.8306424772909624, 0.8312890351777548, 0.8332589065673237, 0.8344422721305966, 0.83698359198954, 0.8364834627156035, 0.8384699608997951, 0.8411536951608815, 0.840798902669039, 0.8421738013020782, 0.8435062349121191], "macro/precision": [0.2219942199659451, 0.27785283794479476, 0.30439983596190967, 0.320337657012987, 0.3310816609978369, 0.33770384686903143, 0.34708635317783937, 0.3539125708346756, 0.3558008930031198, 0.3657532128232675, 0.36626199453088154, 0.37206613843712516, 0.373784682662883, 0.37674554159700896, 0.3815515614372733, 0.38323130966242724, 0.38595920908336406, 0.3901039237620038, 0.39503277388911584, 0.39159726438364073, 0.3956476588361007, 0.4015175276997583, 0.400125559420965, 0.40315975489918676, 0.40196451733695304], "macro/recall": [0.18661115508901055, 0.2278556395534254, 0.2527555258159256, 0.26957585480260726, 0.2778016961898646, 0.2854676600642556, 0.2957707438362406, 0.2989486148790929, 0.303170571107265, 0.3112975285094747, 0.3115604918740001, 0.31673163775275937, 0.32072628812259624, 0.3220236403952468, 0.32658448352089403, 0.3278726690856228, 0.33135113217120576, 0.33525622202377164, 0.3386655418873581, 0.3393076120557292, 0.3427123172958902, 0.34470281433007754, 0.34489308508275734, 0.348610871491585, 0.34856384504133847], "macro/f1": [0.19016757767750234, 0.23683477923601384, 0.26231949486058553, 0.2791758235806067, 0.28774809213069585, 0.2952317680082566, 0.30576782460843754, 0.3091082630777435, 0.31310873758947244, 0.3215082088659545, 0.3222989320361032, 0.32749390466221373, 0.3309261410067196, 0.3325420325913526, 0.33719743408792635, 0.33871020507016253, 0.3424485436800989, 0.34579231433136776, 0.34985564760515764, 0.3489938500479518, 0.35290593287261623, 0.35641463969564646, 0.35603189881231523, 0.35952085385520416, 0.35897460202582593], "samples/precision": [0.8419630303558874, 0.8554555563484135, 0.8689644680716109, 0.8760338867481724, 0.8792057149200005, 0.8846001221001221, 0.8890014251621394, 0.8900023587523588, 0.892791599934457, 0.8927348940741798, 0.8970982886161457, 0.8972497740354882, 0.8985899517149517, 0.8996620443049014, 0.9008539079967651, 0.9019493403421975, 0.9031025026560741, 0.9054078362114076, 0.9054574559038844, 0.9055890538033396, 0.9049729536336679, 0.9063672438672438, 0.9070824017252588, 0.9081368532261389, 0.9102524459667317], "samples/recall": [0.674855501641216, 0.7170659697445412, 0.7433409348587919, 0.7592910561660561, 0.7686268592518591, 0.776368918779633, 0.7860982271696556, 0.7877711574140145, 0.7925947564340421, 0.7975338649445792, 0.8019264465693037, 0.8039054199768485, 0.8069402323866609, 0.8096005185290899, 0.814055785484357, 0.8147259982081411, 0.8171296461475033, 0.8191280941280942, 0.822253341896199, 0.8228426831105402, 0.823984249877107, 0.8272808540665684, 0.8273281777746063, 0.8289328231292518, 0.8319106984285556], "samples/f1": [0.7218050833060824, 0.7570414826783458, 0.7807309455723541, 0.7946818730535014, 0.8022222414892245, 0.8097128652510771, 0.8177096971552517, 0.8191190192314068, 0.8232610451578982, 0.8267128870962537, 0.8308961065204822, 0.8327034751610176, 0.8350408265930244, 0.8370785315528073, 0.8406688926107008, 0.8414458682066075, 0.843332026411447, 0.8453169961536595, 0.8476969685511144, 0.8479551729489291, 0.8483776135249661, 0.8509444370333481, 0.8511413853009757, 0.8527285905532659, 0.8553360940036764], "hamming_loss": [0.08366633366633366, 0.07507198683669272, 0.06924203247732659, 0.06545170515758753, 0.0633214824391295, 0.06153160564925271, 0.0595409492468316, 0.05915408121290475, 0.0576139546727782, 0.057060586472351175, 0.05595874713521772, 0.05563798946151887, 0.05457042957042957, 0.05426926015161309, 0.05329964153493566, 0.05317476641006053, 0.052582221699868766, 0.05214883156059627, 0.05148527942645589, 0.051705647293882585, 0.05104944075532311, 0.0503393665158371, 0.050412822471645996, 0.049967189673072024, 0.04962194668077021], "total_loss": [0.21857591324045814, 0.19009322296008338, 0.17759041128908207, 0.16836798569205794, 0.16259662945859005, 0.15871469462702065, 0.15358447450441393, 0.15287630591470294, 0.14937038106633488, 0.14680813557112452, 0.14554453257430716, 0.14436351408398002, 0.14202410091674952, 0.1405698583015985, 0.1380157597740679, 0.13812814557599673, 0.13634387503795842, 0.1355888118071621, 0.1337641965075196, 0.1332008844803234, 0.132618701030662, 0.13096377927890634, 0.13095536213143685, 0.12975082251281972, 0.12927411271999636], "report": []}, "validating": {"micro/precision": [0.8662324400663329, 0.8293868359328831, 0.8870363303314492, 0.8459179050436167, 0.8835057127711259, 0.8941231083720754, 0.858993370752304, 0.8635988749034769, 0.8552826101367653, 0.8498022108758617, 0.9161494378790948, 0.8862264336730881, 0.9213399173668627, 0.9061287735184697, 0.8974444995376659, 0.8975718991704641, 0.8877749338414946, 0.9144003378837458, 0.8810805639538344, 0.8853437485398997, 0.9071448640868129, 0.8810262658042166, 0.9027064494951367, 0.902281357333191, 0.9250869003035456], "micro/recall": [0.6613159976400339, 0.7281173729430249, 0.708141314920742, 0.7611301438327922, 0.7413596600000223, 0.7363460738690291, 0.7818923580883292, 0.7815659451654592, 0.7905593919159601, 0.7976773608700586, 0.749684789793322, 0.7844242949015976, 0.7480099788955827, 0.7663920228556033, 0.7812802932036641, 0.7897170116800805, 0.8105886251677251, 0.7678423152415452, 0.7994599672519461, 0.7988336743343528, 0.786425517923061, 0.8045099968553179, 0.7919583253535277, 0.7944703206022903, 0.7759619229432931], "micro/f1": [0.7487346701171503, 0.7741950944498777, 0.7864192421635396, 0.800292724938382, 0.805226856592439, 0.8063839962324063, 0.8175619702037799, 0.8194452407742211, 0.820601441375048, 0.821912932864149, 0.8235643114339745, 0.8312979283499636, 0.8248260758580278, 0.8294647158712709, 0.8343790624455151, 0.8392837305004401, 0.8465905623566682, 0.8336943525111297, 0.8375135475098762, 0.8390052546886694, 0.8415085856365179, 0.8401938659730955, 0.842911395901873, 0.8440762245969952, 0.8430805091398512], "macro/precision": [0.26559795898090194, 0.28759238106265705, 0.30997427876483347, 0.3199736306790771, 0.3340120255331374, 0.3544092364800228, 0.36890637116050634, 0.3700029930204287, 0.36120361374167, 0.3735252185373781, 0.3756321800463371, 0.38177409853294386, 0.37476979261296817, 0.379825683774515, 0.387831245979925, 0.387364794349608, 0.40836364585319546, 0.40154132455394975, 0.38512766765175993, 0.3864935725188896, 0.4070122250583789, 0.38582121263131014, 0.3913791610148882, 0.4070997946168218, 0.404500115395688],