{"training": {"micro/precision": [0.8063921996767729, 0.822341452978026, 0.6797448740126159, 0.5729537006722264, 0.5765092479771383, 0.5797444599304463], "micro/recall": [0.6024465445604499, 0.6480536964234873, 0.542520949326239, 0.46469555906251914, 0.4756098137555739, 0.4845506799758563], "micro/f1": [0.6865341327692968, 0.723862537508647, 0.602271362384143, 0.5123830244443414, 0.5204411877838311, 0.527102635586055], "macro/precision": [0.20302808725398033, 0.27540147704096196, 0.23464480294119397, 0.18957028166269438, 0.2036857789573643, 0.21863303021705996], "macro/recall": [0.1758791674995254, 0.21556299229760317, 0.20385001382813595, 0.18467688439707786, 0.19569560010141834, 0.204166284556655], "macro/f1": [0.16842010419329445, 0.22226272169593073, 0.19178788226787816, 0.15694983150237296, 0.16839603055146352, 0.1782224989901956], "samples/precision": [0.81383893999519, 0.831973611111111, 0.6751381944444445, 0.5573932539682539, 0.559870882936508, 0.5627614583333332], "samples/recall": [0.6706784722222222, 0.701769742063492, 0.5722792658730159, 0.4759690972222222, 0.48390625, 0.490516369047619], "samples/f1": [0.711425436022311, 0.74178542984793, 0.6042659183409183, 0.5018815568690569, 0.5082167970917971, 0.5136577831890331], "hamming_loss": [0.09052314814814816, 0.08003472222222223, 0.1158125, 0.14296759259259262, 0.14168055555555556, 0.14049074074074072], "total_loss": [0.5148922356963158, 0.4569360848069191, 24.280080996215343, 41.23837629699707, 41.23142362976074, 41.23336809921265]}, "validating": {"micro/precision": [0.8306750881574552, 0.8532347662364546, 0.5792059256825995, 0.5766111507161038, 0.5860702979130387, 0.5700975416813753], "micro/recall": [0.6210116040330662, 0.6446085276256823, 0.44353063557548145, 0.483245601743954, 0.46694927748234216, 0.5226341213715288], "micro/f1": [0.7101271249220846, 0.7337221920853023, 0.5019947718382469, 0.5253422515021089, 0.5193711594809507, 0.5449490982693649], "macro/precision": [0.28039125411244376, 0.31819515931201675, 0.19093300881070535, 0.18653791214780255, 0.22746171272646143, 0.2195427071502867], "macro/recall": [0.19930970945576576, 0.23422214393198978, 0.17260283298104462, 0.19348109095174046, 0.19934970578218542, 0.22571346025438663], "macro/f1": [0.20720030149673652, 0.24470952063369447, 0.14831485544088188, 0.16370343703076834, 0.17710541196365293, 0.1895988608753753], "samples/precision": [0.8406603459747173, 0.8637662175648704, 0.5637246340652028, 0.5627848469727211, 0.5694584046193327, 0.5560227758768178], "samples/recall": [0.690662128124703, 0.7151167902290657, 0.463023506558312, 0.48968016348255866, 0.4798107653740139, 0.5171569064252447], "samples/f1": [0.7331515990385751, 0.7615214833403456, 0.4970697334656915, 0.5133002345015818, 0.5103651892574048, 0.5263358501943831], "hamming_loss": [0.08241156575737414, 0.07607701264138389, 0.14283932135728544, 0.14165419161676646, 0.1401017409625194, 0.1416333998669328], "total_loss": [0.46452824762481415, 0.424623746536449, 41.25239280883424, 41.23473719065775, 41.236669449035276, 41.25176858045384]}, "ground_model": {"micro/precision": [0.875342524362381, 0.8658133179564572, 0.869394539993826, 0.8662122863715791, 0.86351095262381, 0.8635214833024695], "micro/recall": [0.535130399514738, 0.5857155820975317, 0.6012297760380195, 0.6155243164614961, 0.6322934323299709, 0.6457251883481945], "micro/f1": [0.6573693434204686, 0.6960975839690932, 0.7072990396095199, 0.7166879848375534, 0.7271582118908118, 0.7360201104656034], "macro/precision": [0.14457905709254856, 0.20000847867615665, 0.22201977280022459, 0.2309713145187023, 0.24911683484994457, 0.26834365789812475], "macro/recall": [0.10293950564302334, 0.14035200260207625, 0.1560003195135581, 0.16601313708195728, 0.18018005727325215, 0.1910709372871279], "macro/f1": [0.10775906461702381, 0.15407476616297014, 0.1711716567045774, 0.18039768823005267, 0.19510061797649383, 0.2077459625783581], "samples/precision": [0.8889556622775374, 0.8821694444444445, 0.8757444444444443, 0.8732458333333333, 0.87025, 0.8699777777777776], "samples/recall": [0.64501875, 0.6751112103174602, 0.6840733134920636, 0.693363988095238, 0.7044531746031746, 0.7135545634920635], "samples/f1": [0.7035500975875976, 0.7266494678932179, 0.7310423220298221, 0.7377858104858105, 0.7458227603415104, 0.7526622294372294], "hamming_loss": [0.07820833333333332, 0.06986607142857143, 0.06796130952380952, 0.06648214285714286, 0.06483333333333334, 0.06328571428571428], "total_loss": [0.21113409259915353, 0.18346698521077634, 0.17703853203356265, 0.17170849178731443, 0.16683910094201565, 0.1625335880368948]}, "cloud_model": {"accuracy": [0.73275, 0.76875, 0.4334166666666666, 0.17866666666666667, 0.1787083333333333, 0.17858333333333332], "total_loss": [0.30375814366340637, 0.27346909999847413, 24.10304248389602, 41.0666678314209, 41.06458449554443, 41.070834568023685]}}