{"training": {"micro/precision": [0.8868996309550813, 0.8689209098054768, 0.8678994876179803, 0.870128440481907, 0.8623093437671063, 0.8608206638414085, 0.862403322783519, 0.8650897397945094, 0.8624651968144902, 0.8634185237814634], "micro/recall": [0.5238614829803865, 0.5798450381994706, 0.598429204133598, 0.6163178686710312, 0.628727155722641, 0.6437729102974964, 0.6556705246117016, 0.6630798468142542, 0.6693891863991215, 0.6751374155220436], "micro/f1": [0.6539437944807335, 0.6923918534663328, 0.7053154723224047, 0.718514025126649, 0.7241066732968277, 0.7333895464839332, 0.7419202821067005, 0.7472724195573625, 0.750855566024198, 0.7548819793881185], "macro/precision": [0.1314803325250662, 0.2020128038983923, 0.22055300084617321, 0.23587507974175417, 0.24499678613444612, 0.2607978404682689, 0.2738681311691695, 0.28132101674284515, 0.2876159583055918, 0.29027546532878756], "macro/recall": [0.09495741516828894, 0.13875190081886507, 0.1569333099604596, 0.16861052622312533, 0.17585554284188162, 0.18941196229834256, 0.1977990132736791, 0.20351203336363916, 0.20813986622025757, 0.21420146615854713], "macro/f1": [0.10035372097909623, 0.15251198213430056, 0.17125707556456313, 0.18312238752380935, 0.19089531292623368, 0.20376728562479618, 0.2132775941561429, 0.21983206956043916, 0.22479927537817865, 0.23038347569403034], "samples/precision": [0.8945641282565131, 0.8815728679581385, 0.8743431307058561, 0.8729215375194833, 0.8684139111556447, 0.8683234524604766, 0.8693498107325762, 0.8707425764226866, 0.8689175970989598, 0.8703732862550497], "samples/recall": [0.6383067722747081, 0.6714289690492096, 0.6825506171072304, 0.6939212750898623, 0.7017915791901262, 0.7111494815026878, 0.7191110395393963, 0.7240096263956485, 0.7273764791487738, 0.7314356888379934], "samples/f1": [0.7016217771039915, 0.7231933714711771, 0.7291473639920534, 0.7378991870224335, 0.7424356107597591, 0.7497816881960168, 0.7564077017671706, 0.760568163142061, 0.7629012835676162, 0.7662466316712309], "hamming_loss": [0.0765489311957248, 0.07035201355091134, 0.06828239812959253, 0.06600403187327034, 0.06546426185704743, 0.06391652352323694, 0.06225248115278175, 0.0612683700734803, 0.06074649298597194, 0.0599413111938162], "total_loss": [0.21115306799182434, 0.18455418678586613, 0.177555494368793, 0.17091238748035834, 0.16699370314816914, 0.16298343931028025, 0.15943627092307938, 0.15688815356077315, 0.15459344677910777, 0.15234606527911876]}, "validating": {"micro/precision": [0.8479117398802981, 0.8884856185178318, 0.8849330832695427, 0.883430374680598, 0.8794739673991288, 0.8872166976634045, 0.9099222449711151, 0.8960936777641347, 0.9145747082212812, 0.8978750295015645], "micro/recall": [0.5964856125034088, 0.5792258141721494, 0.5975274138749677, 0.6067685353552056, 0.6323022427169942, 0.6281545733039487, 0.6146347914688318, 0.630875462991231, 0.6006828983459481, 0.6551761348611425], "micro/f1": [0.6985817991907063, 0.6994859586526851, 0.712018556343688, 0.7181464426487839, 0.7341155331453119, 0.7339998274068091, 0.7323975625638066, 0.7391992185300089, 0.7239191384077823, 0.7561019752303517], "macro/precision": [0.1751645156478347, 0.2262407445297199, 0.20678683608454884, 0.2302133819139754, 0.2702593119509962, 0.2893754206187839, 0.2575543668157628, 0.2748279158662835, 0.272720128419737, 0.3040558114273684], "macro/recall": [0.13821722150515092, 0.14617767699476847, 0.1442248003250502, 0.1663276884825827, 0.1749392495625427, 0.19027937145920257, 0.16922830676856604, 0.17419847878360764, 0.153530626612676, 0.19653441131044613], "macro/f1": [0.14812658684947663, 0.1638716829978287, 0.16105547172409113, 0.18474303599831898, 0.1977185699192597, 0.2142085343974901, 0.19152759133548125, 0.19888105564423614, 0.18142415125650432, 0.22231701458556385], "samples/precision": [0.8955630405854956, 0.9039337990685297, 0.8990040751829677, 0.8467814371257485, 0.8923798236859614, 0.8757069194943445, 0.8839529274783765, 0.8905439121756485, 0.8892340319361279, 0.8893109614105122], "samples/recall": [0.6830713572854291, 0.6742244677312043, 0.6825058216899534, 0.6854407256914742, 0.7057584236289326, 0.7030459913506321, 0.6947414694420682, 0.7046199268130406, 0.6857748788138008, 0.7207715521338276], "samples/f1": [0.7359911490151011, 0.7333605426232672, 0.7382303214638544, 0.7258921370822569, 0.7548722180458708, 0.7483319886201621, 0.7477065709850139, 0.7564118786237051, 0.7427157589582739, 0.7677604567200377], "hamming_loss": [0.07066224693470202, 0.06839000570287995, 0.06655439121756486, 0.0654851012261192, 0.06293662674650699, 0.06260692899914456, 0.06168912175648703, 0.0612881380096949, 0.06300791274593669, 0.058160464784716266], "total_loss": [0.18631555604006717, 0.18233905902165853, 0.170902552406588, 0.16594282738462893, 0.16067001486788252, 0.16037001840011803, 0.1576124878522165, 0.1559906943204874, 0.1589263326929001, 0.1488577699411415]}}